method,method_variant,seed,dataset,split,score_type,calibration_type,timestamp,accuracy,nll,ece,aurc,auroc,aupr,fpr95
edl_l0001,edl_fixed_l0001,0,cifar10,test,vacuity,none,20260305T193908Z,0.928800,nan,nan,nan,nan,nan,nan
edl_l0001,edl_fixed_l0001,0,cifar100,eval,alpha0,none,20260306T100040Z,0.928800,0.335490,0.053870,0.018132,0.839084,0.828620,0.678200
edl_l0001,edl_fixed_l0001,0,cifar100,eval,maxp,none,20260306T100040Z,0.928800,0.335490,0.053870,0.018132,0.832864,0.809236,0.678200
edl_l0001,edl_fixed_l0001,0,cifar100,eval,vacuity,none,20260306T100040Z,0.928800,0.335490,0.053870,0.018132,0.839084,0.828620,0.678200
edl_l0001,edl_fixed_l0001,0,mnist,test,vacuity,none,20260310T000151090692Z,0.995600,nan,nan,nan,nan,nan,nan
edl_l0001,edl_fixed_l0001,0,svhn,eval,alpha0,none,20260306T100040Z,0.928800,0.335490,0.053870,0.018132,0.915995,0.947615,0.269100
edl_l0001,edl_fixed_l0001,0,svhn,eval,maxp,none,20260306T100040Z,0.928800,0.335490,0.053870,0.018132,0.905461,0.939969,0.269300
edl_l0001,edl_fixed_l0001,0,svhn,eval,vacuity,none,20260306T100040Z,0.928800,0.335490,0.053870,0.018132,0.915995,0.947615,0.269100
edl_l0001,edl_fixed_l0001,1,cifar10,test,vacuity,none,20260305T215725Z,0.930300,nan,nan,nan,nan,nan,nan
edl_l0001,edl_fixed_l0001,1,cifar100,eval,alpha0,none,20260306T100058Z,0.930300,0.332858,0.049023,0.017902,0.807750,0.815108,0.823200
edl_l0001,edl_fixed_l0001,1,cifar100,eval,maxp,none,20260306T100058Z,0.930300,0.332858,0.049023,0.017902,0.804018,0.800576,0.823200
edl_l0001,edl_fixed_l0001,1,cifar100,eval,vacuity,none,20260306T100058Z,0.930300,0.332858,0.049023,0.017902,0.807750,0.815108,0.823200
edl_l0001,edl_fixed_l0001,1,mnist,test,vacuity,none,20260310T015655904001Z,0.994900,nan,nan,nan,nan,nan,nan
edl_l0001,edl_fixed_l0001,1,svhn,eval,alpha0,none,20260306T100058Z,0.930300,0.332858,0.049023,0.017902,0.808373,0.899957,0.775600
edl_l0001,edl_fixed_l0001,1,svhn,eval,maxp,none,20260306T100058Z,0.930300,0.332858,0.049023,0.017902,0.807621,0.901692,0.775600
edl_l0001,edl_fixed_l0001,1,svhn,eval,vacuity,none,20260306T100058Z,0.930300,0.332858,0.049023,0.017902,0.808373,0.899957,0.775600
edl_l0001,edl_fixed_l0001,2,mnist,test,vacuity,none,20260310T032958061777Z,0.994800,nan,nan,nan,nan,nan,nan
edl_l0001,edl_fixed_l0001,3,mnist,test,vacuity,none,20260310T052117844701Z,0.995000,nan,nan,nan,nan,nan,nan
edl_l0001,edl_fixed_l0001,4,mnist,test,vacuity,none,20260310T070817187876Z,0.994900,nan,nan,nan,nan,nan,nan
edl_l01,edl_fixed_l01,0,cifar10,test,vacuity,none,20260305T145911Z,0.931000,nan,nan,nan,nan,nan,nan
edl_l01,edl_fixed_l01,0,cifar100,eval,alpha0,none,20260306T100004Z,0.931000,1.024470,0.533703,0.026822,0.753574,0.774825,0.912200
edl_l01,edl_fixed_l01,0,cifar100,eval,maxp,none,20260306T100004Z,0.931000,1.024470,0.533703,0.026822,0.763029,0.779830,0.895300
edl_l01,edl_fixed_l01,0,cifar100,eval,vacuity,none,20260306T100004Z,0.931000,1.024470,0.533703,0.026822,0.753574,0.774825,0.912200
edl_l01,edl_fixed_l01,0,svhn,eval,alpha0,none,20260306T100004Z,0.931000,1.024470,0.533703,0.026822,0.812238,0.920904,0.949500
edl_l01,edl_fixed_l01,0,svhn,eval,maxp,none,20260306T100004Z,0.931000,1.024470,0.533703,0.026822,0.816715,0.923350,0.945900
edl_l01,edl_fixed_l01,0,svhn,eval,vacuity,none,20260306T100004Z,0.931000,1.024470,0.533703,0.026822,0.812238,0.920904,0.949500
edl_l01,edl_fixed_l01,1,cifar10,test,vacuity,none,20260305T171953Z,0.931100,nan,nan,nan,nan,nan,nan
edl_l01,edl_fixed_l01,1,cifar100,eval,alpha0,none,20260306T100022Z,0.931100,1.032365,0.538159,0.023593,0.773748,0.780341,0.908800
edl_l01,edl_fixed_l01,1,cifar100,eval,maxp,none,20260306T100022Z,0.931100,1.032365,0.538159,0.023593,0.778449,0.782656,0.896000
edl_l01,edl_fixed_l01,1,cifar100,eval,vacuity,none,20260306T100022Z,0.931100,1.032365,0.538159,0.023593,0.773748,0.780341,0.908800
edl_l01,edl_fixed_l01,1,svhn,eval,alpha0,none,20260306T100022Z,0.931100,1.032365,0.538159,0.023593,0.802666,0.906269,0.919800
edl_l01,edl_fixed_l01,1,svhn,eval,maxp,none,20260306T100022Z,0.931100,1.032365,0.538159,0.023593,0.809945,0.908956,0.899800
edl_l01,edl_fixed_l01,1,svhn,eval,vacuity,none,20260306T100022Z,0.931100,1.032365,0.538159,0.023593,0.802666,0.906269,0.919800
edl_l01,edl_l01,0,cifar10,test,,none,20260305T045501Z,0.924500,nan,nan,nan,nan,nan,nan
edl_l01,edl_l01,0,cifar100,eval,,none,20260305T012258Z,0.853500,nan,nan,nan,0.773874,nan,0.754600
edl_l01,edl_l01,0,svhn,eval,,none,20260305T012258Z,0.853500,nan,nan,nan,0.745246,nan,0.598700
edl_l01,edl_l01,1,cifar10,test,,none,20260305T053329Z,0.928100,nan,nan,nan,nan,nan,nan
edl_l01,edl_l01,1,cifar100,eval,,none,20260305T012319Z,0.852500,nan,nan,nan,0.754136,nan,0.845800
edl_l01,edl_l01,1,svhn,eval,,none,20260305T012319Z,0.852500,nan,nan,nan,0.788972,nan,0.720900
edl_l01,edl_l01,2,cifar10,test,,none,20260305T061152Z,0.925000,nan,nan,nan,nan,nan,nan
edl_l01,edl_l01,2,cifar100,eval,,none,20260305T012340Z,0.855100,nan,nan,nan,0.773701,nan,0.746400
edl_l01,edl_l01,2,svhn,eval,,none,20260305T012340Z,0.855100,nan,nan,nan,0.793952,nan,0.524800
edl_l01,edl_l01,3,cifar10,test,,none,20260305T065019Z,0.924200,nan,nan,nan,nan,nan,nan
edl_l01,edl_l01,3,cifar100,eval,,none,20260305T012401Z,0.856200,nan,nan,nan,0.762285,nan,0.830200
edl_l01,edl_l01,3,svhn,eval,,none,20260305T012401Z,0.856200,nan,nan,nan,0.827291,nan,0.539400
edl_l01,edl_l01,4,cifar10,test,,none,20260304T162703Z,0.852900,nan,nan,nan,nan,nan,nan
edl_l01,edl_l01,4,cifar100,eval,,none,20260305T012422Z,0.853000,nan,nan,nan,0.755636,nan,0.787800
edl_l01,edl_l01,4,svhn,eval,,none,20260305T012422Z,0.853000,nan,nan,nan,0.802303,nan,0.469900
edl_l1,cifar_fixed_l1_matched,0,cifar10,conf_eval,maxalpha,none,20260319T031521941199Z,0.310000,1.863867,0.027272,0.545336,nan,0.503610,nan
edl_l1,cifar_fixed_l1_matched,0,cifar10,conf_eval,maxp,none,20260319T031521941199Z,0.310000,1.863867,0.027272,0.545336,nan,0.518291,nan
edl_l1,cifar_fixed_l1_matched,0,cifar10,test,vacuity,none,20260319T030412509533Z,0.310000,nan,nan,nan,nan,nan,nan
edl_l1,cifar_fixed_l1_matched,0,cifar100,eval,alpha0,none,20260319T031521941199Z,0.310000,1.863867,0.027272,0.545336,0.517585,0.515759,0.931900
edl_l1,cifar_fixed_l1_matched,0,cifar100,eval,maxp,none,20260319T031521941199Z,0.310000,1.863867,0.027272,0.545336,0.533420,0.520426,0.931200
edl_l1,cifar_fixed_l1_matched,0,cifar100,eval,vacuity,none,20260319T031521941199Z,0.310000,1.863867,0.027272,0.545336,0.517585,0.515759,0.931900
edl_l1,cifar_fixed_l1_matched,0,svhn,eval,alpha0,none,20260319T031521941199Z,0.310000,1.863867,0.027272,0.545336,0.271174,0.584881,0.975200
edl_l1,cifar_fixed_l1_matched,0,svhn,eval,maxp,none,20260319T031521941199Z,0.310000,1.863867,0.027272,0.545336,0.623798,0.754897,0.656800
edl_l1,cifar_fixed_l1_matched,0,svhn,eval,vacuity,none,20260319T031521941199Z,0.310000,1.863867,0.027272,0.545336,0.271174,0.584882,0.975200
edl_l1,cifar_fixed_l1_matched,1,cifar10,conf_eval,maxalpha,none,20260319T051942020829Z,0.296100,1.836692,0.047704,0.551649,nan,0.384451,nan
edl_l1,cifar_fixed_l1_matched,1,cifar10,conf_eval,maxp,none,20260319T051942020829Z,0.296100,1.836692,0.047704,0.551649,nan,0.526653,nan
edl_l1,cifar_fixed_l1_matched,1,cifar10,test,vacuity,none,20260319T051006736974Z,0.296100,nan,nan,nan,nan,nan,nan
edl_l1,cifar_fixed_l1_matched,1,cifar100,eval,alpha0,none,20260319T051942020829Z,0.296100,1.836692,0.047704,0.551649,0.536428,0.515089,0.877500
edl_l1,cifar_fixed_l1_matched,1,cifar100,eval,maxp,none,20260319T051942020829Z,0.296100,1.836692,0.047704,0.551649,0.536955,0.526237,0.944900
edl_l1,cifar_fixed_l1_matched,1,cifar100,eval,vacuity,none,20260319T051942020829Z,0.296100,1.836692,0.047704,0.551649,0.536428,0.515089,0.877500
edl_l1,cifar_fixed_l1_matched,1,svhn,eval,alpha0,none,20260319T051942020829Z,0.296100,1.836692,0.047704,0.551649,0.420250,0.630416,0.796600
edl_l1,cifar_fixed_l1_matched,1,svhn,eval,maxp,none,20260319T051942020829Z,0.296100,1.836692,0.047704,0.551649,0.652190,0.782085,0.668100
edl_l1,cifar_fixed_l1_matched,1,svhn,eval,vacuity,none,20260319T051942020829Z,0.296100,1.836692,0.047704,0.551649,0.420250,0.630416,0.796600
edl_l1,cifar_fixed_l1_matched,2,cifar10,conf_eval,maxalpha,none,20260319T072922387791Z,0.315400,1.803658,0.017169,0.538062,nan,0.443879,nan
edl_l1,cifar_fixed_l1_matched,2,cifar10,conf_eval,maxp,none,20260319T072922387791Z,0.315400,1.803658,0.017169,0.538062,nan,0.529187,nan
edl_l1,cifar_fixed_l1_matched,2,cifar10,test,vacuity,none,20260319T071941098828Z,0.315400,nan,nan,nan,nan,nan,nan
edl_l1,cifar_fixed_l1_matched,2,cifar100,eval,alpha0,none,20260319T072922387791Z,0.315400,1.803658,0.017169,0.538062,0.464541,0.463328,0.937700
edl_l1,cifar_fixed_l1_matched,2,cifar100,eval,maxp,none,20260319T072922387791Z,0.315400,1.803658,0.017169,0.538062,0.584756,0.557588,0.912700
edl_l1,cifar_fixed_l1_matched,2,cifar100,eval,vacuity,none,20260319T072922387791Z,0.315400,1.803658,0.017169,0.538062,0.464541,0.463328,0.937700
edl_l1,cifar_fixed_l1_matched,2,svhn,eval,alpha0,none,20260319T072922387791Z,0.315400,1.803658,0.017169,0.538062,0.367025,0.611573,0.904700
edl_l1,cifar_fixed_l1_matched,2,svhn,eval,maxp,none,20260319T072922387791Z,0.315400,1.803658,0.017169,0.538062,0.632038,0.779328,0.620500
edl_l1,cifar_fixed_l1_matched,2,svhn,eval,vacuity,none,20260319T072922387791Z,0.315400,1.803658,0.017169,0.538062,0.367025,0.611573,0.904700
edl_l1,cifar_fixed_l1_matched,3,cifar10,conf_eval,maxalpha,none,20260319T093144657797Z,0.470900,1.493732,0.049058,0.323722,nan,0.750805,nan
edl_l1,cifar_fixed_l1_matched,3,cifar10,conf_eval,maxp,none,20260319T093144657797Z,0.470900,1.493732,0.049058,0.323722,nan,0.743100,nan
edl_l1,cifar_fixed_l1_matched,3,cifar10,test,vacuity,none,20260319T092137974473Z,0.470900,nan,nan,nan,nan,nan,nan
edl_l1,cifar_fixed_l1_matched,3,cifar100,eval,alpha0,none,20260319T093144657797Z,0.470900,1.493732,0.049058,0.323722,0.633147,0.598868,0.820400
edl_l1,cifar_fixed_l1_matched,3,cifar100,eval,maxp,none,20260319T093144657797Z,0.470900,1.493732,0.049058,0.323722,0.602844,0.581100,0.869600
edl_l1,cifar_fixed_l1_matched,3,cifar100,eval,vacuity,none,20260319T093144657797Z,0.470900,1.493732,0.049058,0.323722,0.633147,0.598868,0.820400
edl_l1,cifar_fixed_l1_matched,3,svhn,eval,alpha0,none,20260319T093144657797Z,0.470900,1.493732,0.049058,0.323722,0.647060,0.800883,0.619700
edl_l1,cifar_fixed_l1_matched,3,svhn,eval,maxp,none,20260319T093144657797Z,0.470900,1.493732,0.049058,0.323722,0.716990,0.794939,0.520400
edl_l1,cifar_fixed_l1_matched,3,svhn,eval,vacuity,none,20260319T093144657797Z,0.470900,1.493732,0.049058,0.323722,0.647060,0.800883,0.619700
edl_l1,cifar_fixed_l1_matched,4,cifar10,conf_eval,maxalpha,none,20260319T122112876996Z,0.292100,1.876546,0.103442,0.565701,nan,0.438602,nan
edl_l1,cifar_fixed_l1_matched,4,cifar10,conf_eval,maxp,none,20260319T122112876996Z,0.292100,1.876546,0.103442,0.565701,nan,0.503719,nan
edl_l1,cifar_fixed_l1_matched,4,cifar10,test,vacuity,none,20260319T121130829934Z,0.292100,nan,nan,nan,nan,nan,nan
edl_l1,cifar_fixed_l1_matched,4,cifar100,eval,alpha0,none,20260319T122112876996Z,0.292100,1.876546,0.103442,0.565701,0.509490,0.504612,0.903300
edl_l1,cifar_fixed_l1_matched,4,cifar100,eval,maxp,none,20260319T122112876996Z,0.292100,1.876546,0.103442,0.565701,0.534680,0.533712,0.942900
edl_l1,cifar_fixed_l1_matched,4,cifar100,eval,vacuity,none,20260319T122112876996Z,0.292100,1.876546,0.103442,0.565701,0.509490,0.504612,0.903300
edl_l1,cifar_fixed_l1_matched,4,svhn,eval,alpha0,none,20260319T122112876996Z,0.292100,1.876546,0.103442,0.565701,0.215649,0.560064,0.915100
edl_l1,cifar_fixed_l1_matched,4,svhn,eval,maxp,none,20260319T122112876996Z,0.292100,1.876546,0.103442,0.565701,0.731379,0.837368,0.611700
edl_l1,cifar_fixed_l1_matched,4,svhn,eval,vacuity,none,20260319T122112876996Z,0.292100,1.876546,0.103442,0.565701,0.215649,0.560064,0.915100
edl_l1,edl_fixed_l1,0,cifar10,test,vacuity,none,20260310T014731369980Z,0.680200,nan,nan,nan,nan,nan,nan
edl_l1,edl_fixed_l1,0,cifar100,eval,alpha0,none,20260306T095929Z,0.932800,2.192161,0.820407,0.026919,0.500114,0.615761,0.991100
edl_l1,edl_fixed_l1,0,cifar100,eval,maxp,none,20260306T095929Z,0.932800,2.192161,0.820407,0.026919,0.713718,0.747271,0.966100
edl_l1,edl_fixed_l1,0,cifar100,eval,vacuity,none,20260306T095929Z,0.932800,2.192161,0.820407,0.026919,0.500114,0.615761,0.991100
edl_l1,edl_fixed_l1,0,svhn,eval,alpha0,none,20260306T095929Z,0.932800,2.192161,0.820407,0.026919,0.526938,0.810436,0.992600
edl_l1,edl_fixed_l1,0,svhn,eval,maxp,none,20260306T095929Z,0.932800,2.192161,0.820407,0.026919,0.777850,0.907158,0.933700
edl_l1,edl_fixed_l1,0,svhn,eval,vacuity,none,20260306T095929Z,0.932800,2.192161,0.820407,0.026919,0.526938,0.810436,0.992600
edl_l1,edl_fixed_l1,1,cifar10,test,vacuity,none,20260310T015948262558Z,0.600800,nan,nan,nan,nan,nan,nan
edl_l1,edl_fixed_l1,1,cifar100,eval,alpha0,none,20260306T095946Z,0.933900,2.192013,0.821450,0.032706,0.520167,0.610860,0.993300
edl_l1,edl_fixed_l1,1,cifar100,eval,maxp,none,20260306T095946Z,0.933900,2.192013,0.821450,0.032706,0.717472,0.747265,0.924700
edl_l1,edl_fixed_l1,1,cifar100,eval,vacuity,none,20260306T095946Z,0.933900,2.192013,0.821450,0.032706,0.520167,0.610860,0.993300
edl_l1,edl_fixed_l1,1,svhn,eval,alpha0,none,20260306T095946Z,0.933900,2.192013,0.821450,0.032706,0.530699,0.805099,0.995700
edl_l1,edl_fixed_l1,1,svhn,eval,maxp,none,20260306T095946Z,0.933900,2.192013,0.821450,0.032706,0.747781,0.889573,0.904800
edl_l1,edl_fixed_l1,1,svhn,eval,vacuity,none,20260306T095946Z,0.933900,2.192013,0.821450,0.032706,0.530699,0.805099,0.995700
edl_l1,edl_fixed_l1,2,cifar10,test,vacuity,none,20260310T021129712518Z,0.656700,nan,nan,nan,nan,nan,nan
edl_l1,edl_fixed_l1,3,cifar10,test,vacuity,none,20260310T022344491871Z,0.665400,nan,nan,nan,nan,nan,nan
edl_l1,edl_fixed_l1,4,cifar10,test,vacuity,none,20260310T023558232850Z,0.585900,nan,nan,nan,nan,nan,nan
edl_l1,edl_l1,0,cifar10,test,,none,20260305T014257Z,0.926300,nan,nan,nan,nan,nan,nan
edl_l1,edl_l1,0,cifar100,eval,,none,20260305T012115Z,0.855400,nan,nan,nan,0.591917,nan,0.980900
edl_l1,edl_l1,0,svhn,eval,,none,20260305T012115Z,0.855400,nan,nan,nan,0.574112,nan,0.971000
edl_l1,edl_l1,1,cifar10,test,,none,20260305T022051Z,0.926200,nan,nan,nan,nan,nan,nan
edl_l1,edl_l1,1,cifar100,eval,,none,20260305T012135Z,0.856000,nan,nan,nan,0.585859,nan,0.985600
edl_l1,edl_l1,1,svhn,eval,,none,20260305T012135Z,0.856000,nan,nan,nan,0.573173,nan,0.990700
edl_l1,edl_l1,2,cifar10,test,,none,20260305T025907Z,0.928700,nan,nan,nan,nan,nan,nan
edl_l1,edl_l1,2,cifar100,eval,,none,20260305T012156Z,0.855400,nan,nan,nan,0.551468,nan,0.987300
edl_l1,edl_l1,2,svhn,eval,,none,20260305T012156Z,0.855400,nan,nan,nan,0.455538,nan,0.984600
edl_l1,edl_l1,3,cifar10,test,,none,20260305T033726Z,0.927200,nan,nan,nan,nan,nan,nan
edl_l1,edl_l1,3,cifar100,eval,,none,20260305T012216Z,0.855100,nan,nan,nan,0.549560,nan,0.988400
edl_l1,edl_l1,3,svhn,eval,,none,20260305T012216Z,0.855100,nan,nan,nan,0.515447,nan,0.986800
edl_l1,edl_l1,4,cifar10,test,,none,20260305T041649Z,0.928500,nan,nan,nan,nan,nan,nan
edl_l1,edl_l1,4,cifar100,eval,,none,20260305T012237Z,0.855600,nan,nan,nan,0.593433,nan,0.980400
edl_l1,edl_l1,4,svhn,eval,,none,20260305T012237Z,0.855600,nan,nan,nan,0.582381,nan,0.963300
iedl_ref,iedl_ref,0,cifar10,conf_eval,maxalpha,none,20260310T170819506333Z,0.896700,0.875552,0.395310,0.017464,nan,0.987005,nan
iedl_ref,iedl_ref,0,cifar10,conf_eval,maxp,none,20260310T170819506333Z,0.896700,0.875552,0.395310,0.017464,nan,0.986999,nan
iedl_ref,iedl_ref,0,cifar10,test,vacuity,none,20260310T140253361192Z,0.896700,nan,nan,nan,nan,nan,nan
iedl_ref,iedl_ref,0,cifar100,eval,alpha0,none,20260310T170819506333Z,0.896700,0.875552,0.395310,0.017464,0.827385,0.750521,0.452700
iedl_ref,iedl_ref,0,cifar100,eval,maxp,none,20260310T170819506333Z,0.896700,0.875552,0.395310,0.017464,0.844118,0.807504,0.452700
iedl_ref,iedl_ref,0,cifar100,eval,vacuity,none,20260310T170819506333Z,0.896700,0.875552,0.395310,0.017464,0.827385,0.750521,0.452700
iedl_ref,iedl_ref,0,fmnist,eval,alpha0,none,20260311T061217671759Z,0.991900,0.484761,0.364763,0.000205,0.991225,0.978736,0.020900
iedl_ref,iedl_ref,0,fmnist,eval,maxp,none,20260311T061217671759Z,0.991900,0.484761,0.364763,0.000205,0.992787,0.988457,0.020900
iedl_ref,iedl_ref,0,fmnist,eval,vacuity,none,20260311T061217671759Z,0.991900,0.484761,0.364763,0.000205,0.991225,0.978736,0.020900
iedl_ref,iedl_ref,0,kmnist,eval,alpha0,none,20260311T061217671759Z,0.991900,0.484761,0.364763,0.000205,0.988104,0.979717,0.036000
iedl_ref,iedl_ref,0,kmnist,eval,maxp,none,20260311T061217671759Z,0.991900,0.484761,0.364763,0.000205,0.988732,0.983254,0.036000
iedl_ref,iedl_ref,0,kmnist,eval,vacuity,none,20260311T061217671759Z,0.991900,0.484761,0.364763,0.000205,0.988104,0.979717,0.036000
iedl_ref,iedl_ref,0,mnist,conf_eval,maxalpha,none,20260311T061217671759Z,0.991900,0.484761,0.364763,0.000205,nan,0.999827,nan
iedl_ref,iedl_ref,0,mnist,conf_eval,maxp,none,20260311T061217671759Z,0.991900,0.484761,0.364763,0.000205,nan,0.999827,nan
iedl_ref,iedl_ref,0,mnist,test,vacuity,none,20260311T053118174301Z,0.991900,nan,nan,nan,nan,nan,nan
iedl_ref,iedl_ref,0,svhn,eval,alpha0,none,20260310T170819506333Z,0.896700,0.875552,0.395310,0.017464,0.873756,0.905158,0.322500
iedl_ref,iedl_ref,0,svhn,eval,maxp,none,20260310T170819506333Z,0.896700,0.875552,0.395310,0.017464,0.878457,0.925376,0.322500
iedl_ref,iedl_ref,0,svhn,eval,vacuity,none,20260310T170819506333Z,0.896700,0.875552,0.395310,0.017464,0.873756,0.905158,0.322500
iedl_ref,iedl_ref,1,cifar10,conf_eval,maxalpha,none,20260310T170836736583Z,0.903300,0.868241,0.408430,0.015916,nan,0.987961,nan
iedl_ref,iedl_ref,1,cifar10,conf_eval,maxp,none,20260310T170836736583Z,0.903300,0.868241,0.408430,0.015916,nan,0.987973,nan
iedl_ref,iedl_ref,1,cifar10,test,vacuity,none,20260310T143438394327Z,0.903300,nan,nan,nan,nan,nan,nan
iedl_ref,iedl_ref,1,cifar100,eval,alpha0,none,20260310T170836736583Z,0.903300,0.868241,0.408430,0.015916,0.836591,0.772756,0.455400
iedl_ref,iedl_ref,1,cifar100,eval,maxp,none,20260310T170836736583Z,0.903300,0.868241,0.408430,0.015916,0.844793,0.803554,0.455400
iedl_ref,iedl_ref,1,cifar100,eval,vacuity,none,20260310T170836736583Z,0.903300,0.868241,0.408430,0.015916,0.836591,0.772756,0.455400
iedl_ref,iedl_ref,1,fmnist,eval,alpha0,none,20260311T061225680871Z,0.992400,0.493119,0.370871,0.000811,0.989562,0.979137,0.018200
iedl_ref,iedl_ref,1,fmnist,eval,maxp,none,20260311T061225680871Z,0.992400,0.493119,0.370871,0.000811,0.990827,0.986043,0.018200
iedl_ref,iedl_ref,1,fmnist,eval,vacuity,none,20260311T061225680871Z,0.992400,0.493119,0.370871,0.000811,0.989562,0.979137,0.018200
iedl_ref,iedl_ref,1,kmnist,eval,alpha0,none,20260311T061225680871Z,0.992400,0.493119,0.370871,0.000811,0.983327,0.974817,0.038600
iedl_ref,iedl_ref,1,kmnist,eval,maxp,none,20260311T061225680871Z,0.992400,0.493119,0.370871,0.000811,0.984227,0.979719,0.038600
iedl_ref,iedl_ref,1,kmnist,eval,vacuity,none,20260311T061225680871Z,0.992400,0.493119,0.370871,0.000811,0.983327,0.974817,0.038600
iedl_ref,iedl_ref,1,mnist,conf_eval,maxalpha,none,20260311T061225680871Z,0.992400,0.493119,0.370871,0.000811,nan,0.999213,nan
iedl_ref,iedl_ref,1,mnist,conf_eval,maxp,none,20260311T061225680871Z,0.992400,0.493119,0.370871,0.000811,nan,0.999213,nan
iedl_ref,iedl_ref,1,mnist,test,vacuity,none,20260311T053623777275Z,0.992400,nan,nan,nan,nan,nan,nan
iedl_ref,iedl_ref,1,svhn,eval,alpha0,none,20260310T170836736583Z,0.903300,0.868241,0.408430,0.015916,0.897928,0.930340,0.268200
iedl_ref,iedl_ref,1,svhn,eval,maxp,none,20260310T170836736583Z,0.903300,0.868241,0.408430,0.015916,0.898407,0.934652,0.268200
iedl_ref,iedl_ref,1,svhn,eval,vacuity,none,20260310T170836736583Z,0.903300,0.868241,0.408430,0.015916,0.897928,0.930340,0.268200
iedl_ref,iedl_ref,2,cifar10,conf_eval,maxalpha,none,20260310T170853797575Z,0.883600,0.939954,0.404301,0.020367,nan,0.985345,nan
iedl_ref,iedl_ref,2,cifar10,conf_eval,maxp,none,20260310T170853797575Z,0.883600,0.939954,0.404301,0.020367,nan,0.985360,nan
iedl_ref,iedl_ref,2,cifar10,test,vacuity,none,20260310T152115584904Z,0.883600,nan,nan,nan,nan,nan,nan
iedl_ref,iedl_ref,2,cifar100,eval,alpha0,none,20260310T170853797575Z,0.883600,0.939954,0.404301,0.020367,0.805333,0.733185,0.487500
iedl_ref,iedl_ref,2,cifar100,eval,maxp,none,20260310T170853797575Z,0.883600,0.939954,0.404301,0.020367,0.822836,0.780761,0.487500
iedl_ref,iedl_ref,2,cifar100,eval,vacuity,none,20260310T170853797575Z,0.883600,0.939954,0.404301,0.020367,0.805333,0.733185,0.487500
iedl_ref,iedl_ref,2,fmnist,eval,alpha0,none,20260311T061233587182Z,0.993700,0.476858,0.363910,0.000284,0.992188,0.983839,0.017300
iedl_ref,iedl_ref,2,fmnist,eval,maxp,none,20260311T061233587182Z,0.993700,0.476858,0.363910,0.000284,0.993206,0.988773,0.017300
iedl_ref,iedl_ref,2,fmnist,eval,vacuity,none,20260311T061233587182Z,0.993700,0.476858,0.363910,0.000284,0.992188,0.983839,0.017300
iedl_ref,iedl_ref,2,kmnist,eval,alpha0,none,20260311T061233587182Z,0.993700,0.476858,0.363910,0.000284,0.986222,0.980118,0.037100
iedl_ref,iedl_ref,2,kmnist,eval,maxp,none,20260311T061233587182Z,0.993700,0.476858,0.363910,0.000284,0.986564,0.981926,0.037100
iedl_ref,iedl_ref,2,kmnist,eval,vacuity,none,20260311T061233587182Z,0.993700,0.476858,0.363910,0.000284,0.986222,0.980118,0.037100
iedl_ref,iedl_ref,2,mnist,conf_eval,maxalpha,none,20260311T061233587182Z,0.993700,0.476858,0.363910,0.000284,nan,0.999734,nan
iedl_ref,iedl_ref,2,mnist,conf_eval,maxp,none,20260311T061233587182Z,0.993700,0.476858,0.363910,0.000284,nan,0.999734,nan
iedl_ref,iedl_ref,2,mnist,test,vacuity,none,20260311T054654214545Z,0.993700,nan,nan,nan,nan,nan,nan
iedl_ref,iedl_ref,2,svhn,eval,alpha0,none,20260310T170853797575Z,0.883600,0.939954,0.404301,0.020367,0.880867,0.911085,0.265800
iedl_ref,iedl_ref,2,svhn,eval,maxp,none,20260310T170853797575Z,0.883600,0.939954,0.404301,0.020367,0.908199,0.942486,0.265700
iedl_ref,iedl_ref,2,svhn,eval,vacuity,none,20260310T170853797575Z,0.883600,0.939954,0.404301,0.020367,0.880867,0.911085,0.265800
iedl_ref,iedl_ref,3,cifar10,conf_eval,maxalpha,none,20260310T170911454239Z,0.892900,0.888254,0.397826,0.016934,nan,0.988004,nan
iedl_ref,iedl_ref,3,cifar10,conf_eval,maxp,none,20260310T170911454239Z,0.892900,0.888254,0.397826,0.016934,nan,0.988013,nan
iedl_ref,iedl_ref,3,cifar10,test,vacuity,none,20260310T154616358275Z,0.892900,nan,nan,nan,nan,nan,nan
iedl_ref,iedl_ref,3,cifar100,eval,alpha0,none,20260310T170911454239Z,0.892900,0.888254,0.397826,0.016934,0.825269,0.749061,0.448400
iedl_ref,iedl_ref,3,cifar100,eval,maxp,none,20260310T170911454239Z,0.892900,0.888254,0.397826,0.016934,0.839209,0.797333,0.448400
iedl_ref,iedl_ref,3,cifar100,eval,vacuity,none,20260310T170911454239Z,0.892900,0.888254,0.397826,0.016934,0.825269,0.749061,0.448400
iedl_ref,iedl_ref,3,fmnist,eval,alpha0,none,20260311T061241425001Z,0.992600,0.493578,0.371673,0.000177,0.993257,0.982431,0.014300
iedl_ref,iedl_ref,3,fmnist,eval,maxp,none,20260311T061241425001Z,0.992600,0.493578,0.371673,0.000177,0.994429,0.989783,0.014200
iedl_ref,iedl_ref,3,fmnist,eval,vacuity,none,20260311T061241425001Z,0.992600,0.493578,0.371673,0.000177,0.993257,0.982431,0.014300
iedl_ref,iedl_ref,3,kmnist,eval,alpha0,none,20260311T061241425001Z,0.992600,0.493578,0.371673,0.000177,0.986865,0.981659,0.041900
iedl_ref,iedl_ref,3,kmnist,eval,maxp,none,20260311T061241425001Z,0.992600,0.493578,0.371673,0.000177,0.986992,0.982543,0.041800
iedl_ref,iedl_ref,3,kmnist,eval,vacuity,none,20260311T061241425001Z,0.992600,0.493578,0.371673,0.000177,0.986865,0.981659,0.041900
iedl_ref,iedl_ref,3,mnist,conf_eval,maxalpha,none,20260311T061241425001Z,0.992600,0.493578,0.371673,0.000177,nan,0.999850,nan
iedl_ref,iedl_ref,3,mnist,conf_eval,maxp,none,20260311T061241425001Z,0.992600,0.493578,0.371673,0.000177,nan,0.999850,nan
iedl_ref,iedl_ref,3,mnist,test,vacuity,none,20260311T055533331697Z,0.992600,nan,nan,nan,nan,nan,nan
iedl_ref,iedl_ref,3,svhn,eval,alpha0,none,20260310T170911454239Z,0.892900,0.888254,0.397826,0.016934,0.873826,0.907113,0.324700
iedl_ref,iedl_ref,3,svhn,eval,maxp,none,20260310T170911454239Z,0.892900,0.888254,0.397826,0.016934,0.870003,0.909899,0.324700
iedl_ref,iedl_ref,3,svhn,eval,vacuity,none,20260310T170911454239Z,0.892900,0.888254,0.397826,0.016934,0.873826,0.907113,0.324700
iedl_ref,iedl_ref,4,cifar10,conf_eval,maxalpha,none,20260310T170929368708Z,0.906500,0.853792,0.405938,0.016273,nan,0.987248,nan
iedl_ref,iedl_ref,4,cifar10,conf_eval,maxp,none,20260310T170929368708Z,0.906500,0.853792,0.405938,0.016273,nan,0.987254,nan
iedl_ref,iedl_ref,4,cifar10,test,vacuity,none,20260310T161809252192Z,0.906500,nan,nan,nan,nan,nan,nan
iedl_ref,iedl_ref,4,cifar100,eval,alpha0,none,20260310T170929368708Z,0.906500,0.853792,0.405938,0.016273,0.825019,0.771483,0.582900
iedl_ref,iedl_ref,4,cifar100,eval,maxp,none,20260310T170929368708Z,0.906500,0.853792,0.405938,0.016273,0.831626,0.797334,0.582900
iedl_ref,iedl_ref,4,cifar100,eval,vacuity,none,20260310T170929368708Z,0.906500,0.853792,0.405938,0.016273,0.825019,0.771483,0.582900
iedl_ref,iedl_ref,4,fmnist,eval,alpha0,none,20260311T061249401299Z,0.992700,0.489849,0.368916,0.000531,0.991146,0.977004,0.020600
iedl_ref,iedl_ref,4,fmnist,eval,maxp,none,20260311T061249401299Z,0.992700,0.489849,0.368916,0.000531,0.991842,0.983292,0.020600
iedl_ref,iedl_ref,4,fmnist,eval,vacuity,none,20260311T061249401299Z,0.992700,0.489849,0.368916,0.000531,0.991146,0.977004,0.020600
iedl_ref,iedl_ref,4,kmnist,eval,alpha0,none,20260311T061249401299Z,0.992700,0.489849,0.368916,0.000531,0.977342,0.971062,0.056700
iedl_ref,iedl_ref,4,kmnist,eval,maxp,none,20260311T061249401299Z,0.992700,0.489849,0.368916,0.000531,0.977679,0.973656,0.056700
iedl_ref,iedl_ref,4,kmnist,eval,vacuity,none,20260311T061249401299Z,0.992700,0.489849,0.368916,0.000531,0.977342,0.971062,0.056700
iedl_ref,iedl_ref,4,mnist,conf_eval,maxalpha,none,20260311T061249401299Z,0.992700,0.489849,0.368916,0.000531,nan,0.999492,nan
iedl_ref,iedl_ref,4,mnist,conf_eval,maxp,none,20260311T061249401299Z,0.992700,0.489849,0.368916,0.000531,nan,0.999493,nan
iedl_ref,iedl_ref,4,mnist,test,vacuity,none,20260311T060216846389Z,0.992700,nan,nan,nan,nan,nan,nan
iedl_ref,iedl_ref,4,svhn,eval,alpha0,none,20260310T170929368708Z,0.906500,0.853792,0.405938,0.016273,0.879817,0.920167,0.304800
iedl_ref,iedl_ref,4,svhn,eval,maxp,none,20260310T170929368708Z,0.906500,0.853792,0.405938,0.016273,0.873098,0.910843,0.304800
iedl_ref,iedl_ref,4,svhn,eval,vacuity,none,20260310T170929368708Z,0.906500,0.853792,0.405938,0.016273,0.879817,0.920167,0.304800
info_edl,cifar_alpha0_gate,0,cifar10,conf_eval,maxalpha,none,20260319T050010145841Z,0.893000,0.411977,0.039863,0.019576,nan,0.977742,nan
info_edl,cifar_alpha0_gate,0,cifar10,conf_eval,maxp,none,20260319T050010145841Z,0.893000,0.411977,0.039863,0.019576,nan,0.985065,nan
info_edl,cifar_alpha0_gate,0,cifar10,test,vacuity,none,20260319T043109958785Z,0.893000,nan,nan,nan,nan,nan,nan
info_edl,cifar_alpha0_gate,0,cifar100,eval,alpha0,none,20260319T050010145841Z,0.893000,0.411977,0.039863,0.019576,0.789564,0.781033,0.745500
info_edl,cifar_alpha0_gate,0,cifar100,eval,maxp,none,20260319T050010145841Z,0.893000,0.411977,0.039863,0.019576,0.822538,0.783804,0.535600
info_edl,cifar_alpha0_gate,0,cifar100,eval,vacuity,none,20260319T050010145841Z,0.893000,0.411977,0.039863,0.019576,0.789564,0.781033,0.745500
info_edl,cifar_alpha0_gate,0,svhn,eval,alpha0,none,20260319T050010145841Z,0.893000,0.411977,0.039863,0.019576,0.837883,0.920878,0.661400
info_edl,cifar_alpha0_gate,0,svhn,eval,maxp,none,20260319T050010145841Z,0.893000,0.411977,0.039863,0.019576,0.910579,0.946164,0.255100
info_edl,cifar_alpha0_gate,0,svhn,eval,vacuity,none,20260319T050010145841Z,0.893000,0.411977,0.039863,0.019576,0.837883,0.920878,0.661400
info_edl,cifar_alpha0_gate,1,cifar10,conf_eval,maxalpha,none,20260319T070939823368Z,0.899100,0.425627,0.049013,0.019589,nan,0.981739,nan
info_edl,cifar_alpha0_gate,1,cifar10,conf_eval,maxp,none,20260319T070939823368Z,0.899100,0.425627,0.049013,0.019589,nan,0.984381,nan
info_edl,cifar_alpha0_gate,1,cifar10,test,vacuity,none,20260319T063717550918Z,0.899100,nan,nan,nan,nan,nan,nan
info_edl,cifar_alpha0_gate,1,cifar100,eval,alpha0,none,20260319T070939823368Z,0.899100,0.425627,0.049013,0.019589,0.833921,0.813444,0.583100
info_edl,cifar_alpha0_gate,1,cifar100,eval,maxp,none,20260319T070939823368Z,0.899100,0.425627,0.049013,0.019589,0.834290,0.792323,0.519500
info_edl,cifar_alpha0_gate,1,cifar100,eval,vacuity,none,20260319T070939823368Z,0.899100,0.425627,0.049013,0.019589,0.833921,0.813444,0.583100
info_edl,cifar_alpha0_gate,1,svhn,eval,alpha0,none,20260319T070939823368Z,0.899100,0.425627,0.049013,0.019589,0.795564,0.873266,0.519900
info_edl,cifar_alpha0_gate,1,svhn,eval,maxp,none,20260319T070939823368Z,0.899100,0.425627,0.049013,0.019589,0.883928,0.930535,0.363100
info_edl,cifar_alpha0_gate,1,svhn,eval,vacuity,none,20260319T070939823368Z,0.899100,0.425627,0.049013,0.019589,0.795564,0.873266,0.519900
info_edl,cifar_alpha0_gate,2,cifar10,conf_eval,maxalpha,none,20260319T091138539916Z,0.891000,0.430338,0.045336,0.021082,nan,0.978111,nan
info_edl,cifar_alpha0_gate,2,cifar10,conf_eval,maxp,none,20260319T091138539916Z,0.891000,0.430338,0.045336,0.021082,nan,0.983632,nan
info_edl,cifar_alpha0_gate,2,cifar10,test,vacuity,none,20260319T084125539278Z,0.891000,nan,nan,nan,nan,nan,nan
info_edl,cifar_alpha0_gate,2,cifar100,eval,alpha0,none,20260319T091138539916Z,0.891000,0.430338,0.045336,0.021082,0.807640,0.792936,0.660800
info_edl,cifar_alpha0_gate,2,cifar100,eval,maxp,none,20260319T091138539916Z,0.891000,0.430338,0.045336,0.021082,0.826432,0.791606,0.551200
info_edl,cifar_alpha0_gate,2,cifar100,eval,vacuity,none,20260319T091138539916Z,0.891000,0.430338,0.045336,0.021082,0.807640,0.792936,0.660800
info_edl,cifar_alpha0_gate,2,svhn,eval,alpha0,none,20260319T091138539916Z,0.891000,0.430338,0.045336,0.021082,0.819434,0.878417,0.573700
info_edl,cifar_alpha0_gate,2,svhn,eval,maxp,none,20260319T091138539916Z,0.891000,0.430338,0.045336,0.021082,0.930397,0.961730,0.189800
info_edl,cifar_alpha0_gate,2,svhn,eval,vacuity,none,20260319T091138539916Z,0.891000,0.430338,0.045336,0.021082,0.819434,0.878417,0.573700
info_edl,cifar_alpha0_gate,3,cifar10,conf_eval,maxalpha,none,20260319T120130804994Z,0.900100,0.451339,0.057259,0.018389,nan,0.985169,nan
info_edl,cifar_alpha0_gate,3,cifar10,conf_eval,maxp,none,20260319T120130804994Z,0.900100,0.451339,0.057259,0.018389,nan,0.985590,nan
info_edl,cifar_alpha0_gate,3,cifar10,test,vacuity,none,20260319T111358186153Z,0.900100,nan,nan,nan,nan,nan,nan
info_edl,cifar_alpha0_gate,3,cifar100,eval,alpha0,none,20260319T120130804994Z,0.900100,0.451339,0.057259,0.018389,0.843956,0.814651,0.539000
info_edl,cifar_alpha0_gate,3,cifar100,eval,maxp,none,20260319T120130804994Z,0.900100,0.451339,0.057259,0.018389,0.832769,0.795075,0.540200
info_edl,cifar_alpha0_gate,3,cifar100,eval,vacuity,none,20260319T120130804994Z,0.900100,0.451339,0.057259,0.018389,0.843956,0.814651,0.539000
info_edl,cifar_alpha0_gate,3,svhn,eval,alpha0,none,20260319T120130804994Z,0.900100,0.451339,0.057259,0.018389,0.879231,0.919692,0.335500
info_edl,cifar_alpha0_gate,3,svhn,eval,maxp,none,20260319T120130804994Z,0.900100,0.451339,0.057259,0.018389,0.901191,0.935609,0.200200
info_edl,cifar_alpha0_gate,3,svhn,eval,vacuity,none,20260319T120130804994Z,0.900100,0.451339,0.057259,0.018389,0.879231,0.919692,0.335500
info_edl,cifar_alpha0_gate,4,cifar10,conf_eval,maxalpha,none,20260319T145333509411Z,0.902000,0.449490,0.060243,0.017207,nan,0.985410,nan
info_edl,cifar_alpha0_gate,4,cifar10,conf_eval,maxp,none,20260319T145333509411Z,0.902000,0.449490,0.060243,0.017207,nan,0.986676,nan
info_edl,cifar_alpha0_gate,4,cifar10,test,vacuity,none,20260319T140910653748Z,0.902000,nan,nan,nan,nan,nan,nan
info_edl,cifar_alpha0_gate,4,cifar100,eval,alpha0,none,20260319T145333509411Z,0.902000,0.449490,0.060243,0.017207,0.851290,0.835962,0.538700
info_edl,cifar_alpha0_gate,4,cifar100,eval,maxp,none,20260319T145333509411Z,0.902000,0.449490,0.060243,0.017207,0.839147,0.804771,0.532600
info_edl,cifar_alpha0_gate,4,cifar100,eval,vacuity,none,20260319T145333509411Z,0.902000,0.449490,0.060243,0.017207,0.851290,0.835962,0.538700
info_edl,cifar_alpha0_gate,4,svhn,eval,alpha0,none,20260319T145333509411Z,0.902000,0.449490,0.060243,0.017207,0.820035,0.890409,0.495200
info_edl,cifar_alpha0_gate,4,svhn,eval,maxp,none,20260319T145333509411Z,0.902000,0.449490,0.060243,0.017207,0.889128,0.935899,0.396500
info_edl,cifar_alpha0_gate,4,svhn,eval,vacuity,none,20260319T145333509411Z,0.902000,0.449490,0.060243,0.017207,0.820035,0.890409,0.495200
info_edl,cifar_bg_b0.5_g0.5,0,cifar10,conf_eval,maxalpha,none,20260319T154534018355Z,0.900300,0.407077,0.027593,0.016859,nan,0.987089,nan
info_edl,cifar_bg_b0.5_g0.5,0,cifar10,conf_eval,maxp,none,20260319T154534018355Z,0.900300,0.407077,0.027593,0.016859,nan,0.987254,nan
info_edl,cifar_bg_b0.5_g0.5,0,cifar10,test,vacuity,none,20260319T150337110805Z,0.900300,nan,nan,nan,nan,nan,nan
info_edl,cifar_bg_b0.5_g0.5,0,cifar100,eval,alpha0,none,20260319T154534018355Z,0.900300,0.407077,0.027593,0.016859,0.855373,0.824126,0.459700
info_edl,cifar_bg_b0.5_g0.5,0,cifar100,eval,maxp,none,20260319T154534018355Z,0.900300,0.407077,0.027593,0.016859,0.845567,0.805060,0.459700
info_edl,cifar_bg_b0.5_g0.5,0,cifar100,eval,vacuity,none,20260319T154534018355Z,0.900300,0.407077,0.027593,0.016859,0.855373,0.824126,0.459700
info_edl,cifar_bg_b0.5_g0.5,0,svhn,eval,alpha0,none,20260319T154534018355Z,0.900300,0.407077,0.027593,0.016859,0.945880,0.968964,0.186300
info_edl,cifar_bg_b0.5_g0.5,0,svhn,eval,maxp,none,20260319T154534018355Z,0.900300,0.407077,0.027593,0.016859,0.928603,0.956447,0.194000
info_edl,cifar_bg_b0.5_g0.5,0,svhn,eval,vacuity,none,20260319T154534018355Z,0.900300,0.407077,0.027593,0.016859,0.945880,0.968964,0.186300
info_edl,cifar_bg_b0.5_g1.0,0,cifar10,conf_eval,maxalpha,none,20260319T163006245145Z,0.900400,0.412061,0.051883,0.016839,nan,0.986828,nan
info_edl,cifar_bg_b0.5_g1.0,0,cifar10,conf_eval,maxp,none,20260319T163006245145Z,0.900400,0.412061,0.051883,0.016839,nan,0.987262,nan
info_edl,cifar_bg_b0.5_g1.0,0,cifar10,test,vacuity,none,20260319T154542681680Z,0.900400,nan,nan,nan,nan,nan,nan
info_edl,cifar_bg_b0.5_g1.0,0,cifar100,eval,alpha0,none,20260319T163006245145Z,0.900400,0.412061,0.051883,0.016839,0.849442,0.812378,0.465400
info_edl,cifar_bg_b0.5_g1.0,0,cifar100,eval,maxp,none,20260319T163006245145Z,0.900400,0.412061,0.051883,0.016839,0.841646,0.801198,0.465400
info_edl,cifar_bg_b0.5_g1.0,0,cifar100,eval,vacuity,none,20260319T163006245145Z,0.900400,0.412061,0.051883,0.016839,0.849442,0.812378,0.465400
info_edl,cifar_bg_b0.5_g1.0,0,svhn,eval,alpha0,none,20260319T163006245145Z,0.900400,0.412061,0.051883,0.016839,0.913010,0.939415,0.228600
info_edl,cifar_bg_b0.5_g1.0,0,svhn,eval,maxp,none,20260319T163006245145Z,0.900400,0.412061,0.051883,0.016839,0.898758,0.934718,0.235200
info_edl,cifar_bg_b0.5_g1.0,0,svhn,eval,vacuity,none,20260319T163006245145Z,0.900400,0.412061,0.051883,0.016839,0.913010,0.939415,0.228600
info_edl,cifar_bg_b0.5_g2.0,0,cifar10,conf_eval,maxalpha,none,20260319T171653065393Z,0.902600,0.464088,0.058190,0.020023,nan,0.982560,nan
info_edl,cifar_bg_b0.5_g2.0,0,cifar10,conf_eval,maxp,none,20260319T171653065393Z,0.902600,0.464088,0.058190,0.020023,nan,0.983582,nan
info_edl,cifar_bg_b0.5_g2.0,0,cifar10,test,vacuity,none,20260319T163014802633Z,0.902600,nan,nan,nan,nan,nan,nan
info_edl,cifar_bg_b0.5_g2.0,0,cifar100,eval,alpha0,none,20260319T171653065393Z,0.902600,0.464088,0.058190,0.020023,0.851883,0.827661,0.503500
info_edl,cifar_bg_b0.5_g2.0,0,cifar100,eval,maxp,none,20260319T171653065393Z,0.902600,0.464088,0.058190,0.020023,0.838628,0.796176,0.503000
info_edl,cifar_bg_b0.5_g2.0,0,cifar100,eval,vacuity,none,20260319T171653065393Z,0.902600,0.464088,0.058190,0.020023,0.851883,0.827661,0.503500
info_edl,cifar_bg_b0.5_g2.0,0,svhn,eval,alpha0,none,20260319T171653065393Z,0.902600,0.464088,0.058190,0.020023,0.930229,0.962023,0.246900
info_edl,cifar_bg_b0.5_g2.0,0,svhn,eval,maxp,none,20260319T171653065393Z,0.902600,0.464088,0.058190,0.020023,0.925074,0.953119,0.181000
info_edl,cifar_bg_b0.5_g2.0,0,svhn,eval,vacuity,none,20260319T171653065393Z,0.902600,0.464088,0.058190,0.020023,0.930229,0.962023,0.246900
info_edl,cifar_bg_b1.0_g0.5,0,cifar10,conf_eval,maxalpha,none,20260319T181700899298Z,0.904900,0.423456,0.041346,0.022018,nan,0.981191,nan
info_edl,cifar_bg_b1.0_g0.5,0,cifar10,conf_eval,maxp,none,20260319T181700899298Z,0.904900,0.423456,0.041346,0.022018,nan,0.981162,nan
info_edl,cifar_bg_b1.0_g0.5,0,cifar10,test,vacuity,none,20260319T171701702096Z,0.904900,nan,nan,nan,nan,nan,nan
info_edl,cifar_bg_b1.0_g0.5,0,cifar100,eval,alpha0,none,20260319T181700899298Z,0.904900,0.423456,0.041346,0.022018,0.822596,0.807476,0.678600
info_edl,cifar_bg_b1.0_g0.5,0,cifar100,eval,maxp,none,20260319T181700899298Z,0.904900,0.423456,0.041346,0.022018,0.815402,0.789502,0.678600
info_edl,cifar_bg_b1.0_g0.5,0,cifar100,eval,vacuity,none,20260319T181700899298Z,0.904900,0.423456,0.041346,0.022018,0.822596,0.807476,0.678600
info_edl,cifar_bg_b1.0_g0.5,0,svhn,eval,alpha0,none,20260319T181700899298Z,0.904900,0.423456,0.041346,0.022018,0.887088,0.944231,0.517600
info_edl,cifar_bg_b1.0_g0.5,0,svhn,eval,maxp,none,20260319T181700899298Z,0.904900,0.423456,0.041346,0.022018,0.875490,0.932323,0.517600
info_edl,cifar_bg_b1.0_g0.5,0,svhn,eval,vacuity,none,20260319T181700899298Z,0.904900,0.423456,0.041346,0.022018,0.887088,0.944231,0.517600
info_edl,cifar_bg_b1.0_g1.0,0,cifar10,conf_eval,maxalpha,none,20260319T185020197286Z,0.890300,0.450129,0.054359,0.019374,nan,0.984659,nan
info_edl,cifar_bg_b1.0_g1.0,0,cifar10,conf_eval,maxp,none,20260319T185020197286Z,0.890300,0.450129,0.054359,0.019374,nan,0.985609,nan
info_edl,cifar_bg_b1.0_g1.0,0,cifar10,test,vacuity,none,20260319T181709652072Z,0.890300,nan,nan,nan,nan,nan,nan
info_edl,cifar_bg_b1.0_g1.0,0,cifar100,eval,alpha0,none,20260319T185020197286Z,0.890300,0.450129,0.054359,0.019374,0.840155,0.806140,0.514400
info_edl,cifar_bg_b1.0_g1.0,0,cifar100,eval,maxp,none,20260319T185020197286Z,0.890300,0.450129,0.054359,0.019374,0.829012,0.784926,0.514400
info_edl,cifar_bg_b1.0_g1.0,0,cifar100,eval,vacuity,none,20260319T185020197286Z,0.890300,0.450129,0.054359,0.019374,0.840155,0.806140,0.514400
info_edl,cifar_bg_b1.0_g1.0,0,svhn,eval,alpha0,none,20260319T185020197286Z,0.890300,0.450129,0.054359,0.019374,0.916030,0.956682,0.314800
info_edl,cifar_bg_b1.0_g1.0,0,svhn,eval,maxp,none,20260319T185020197286Z,0.890300,0.450129,0.054359,0.019374,0.916101,0.953350,0.307500
info_edl,cifar_bg_b1.0_g1.0,0,svhn,eval,vacuity,none,20260319T185020197286Z,0.890300,0.450129,0.054359,0.019374,0.916030,0.956682,0.314800
info_edl,cifar_bg_b1.0_g2.0,0,cifar10,conf_eval,maxalpha,none,20260319T192405125255Z,0.898200,0.428700,0.050556,0.018899,nan,0.984177,nan
info_edl,cifar_bg_b1.0_g2.0,0,cifar10,conf_eval,maxp,none,20260319T192405125255Z,0.898200,0.428700,0.050556,0.018899,nan,0.985251,nan
info_edl,cifar_bg_b1.0_g2.0,0,cifar10,test,vacuity,none,20260319T185028740924Z,0.898200,nan,nan,nan,nan,nan,nan
info_edl,cifar_bg_b1.0_g2.0,0,cifar100,eval,alpha0,none,20260319T192405125255Z,0.898200,0.428700,0.050556,0.018899,0.849568,0.824370,0.494600
info_edl,cifar_bg_b1.0_g2.0,0,cifar100,eval,maxp,none,20260319T192405125255Z,0.898200,0.428700,0.050556,0.018899,0.838871,0.799074,0.492100
info_edl,cifar_bg_b1.0_g2.0,0,cifar100,eval,vacuity,none,20260319T192405125255Z,0.898200,0.428700,0.050556,0.018899,0.849568,0.824370,0.494600
info_edl,cifar_bg_b1.0_g2.0,0,svhn,eval,alpha0,none,20260319T192405125255Z,0.898200,0.428700,0.050556,0.018899,0.939436,0.968464,0.207900
info_edl,cifar_bg_b1.0_g2.0,0,svhn,eval,maxp,none,20260319T192405125255Z,0.898200,0.428700,0.050556,0.018899,0.911823,0.947908,0.220700
info_edl,cifar_bg_b1.0_g2.0,0,svhn,eval,vacuity,none,20260319T192405125255Z,0.898200,0.428700,0.050556,0.018899,0.939436,0.968464,0.207900
info_edl,cifar_bg_b2.0_g0.5,0,cifar10,conf_eval,maxalpha,none,20260319T200945956534Z,0.901400,0.431739,0.039359,0.021658,nan,0.981885,nan
info_edl,cifar_bg_b2.0_g0.5,0,cifar10,conf_eval,maxp,none,20260319T200945956534Z,0.901400,0.431739,0.039359,0.021658,nan,0.981872,nan
info_edl,cifar_bg_b2.0_g0.5,0,cifar10,test,vacuity,none,20260319T192413750426Z,0.901400,nan,nan,nan,nan,nan,nan
info_edl,cifar_bg_b2.0_g0.5,0,cifar100,eval,alpha0,none,20260319T200945956534Z,0.901400,0.431739,0.039359,0.021658,0.822776,0.805059,0.686300
info_edl,cifar_bg_b2.0_g0.5,0,cifar100,eval,maxp,none,20260319T200945956534Z,0.901400,0.431739,0.039359,0.021658,0.816194,0.789856,0.686300
info_edl,cifar_bg_b2.0_g0.5,0,cifar100,eval,vacuity,none,20260319T200945956534Z,0.901400,0.431739,0.039359,0.021658,0.822776,0.805059,0.686300
info_edl,cifar_bg_b2.0_g0.5,0,svhn,eval,alpha0,none,20260319T200945956534Z,0.901400,0.431739,0.039359,0.021658,0.921990,0.957342,0.237400
info_edl,cifar_bg_b2.0_g0.5,0,svhn,eval,maxp,none,20260319T200945956534Z,0.901400,0.431739,0.039359,0.021658,0.909484,0.948971,0.237400
info_edl,cifar_bg_b2.0_g0.5,0,svhn,eval,vacuity,none,20260319T200945956534Z,0.901400,0.431739,0.039359,0.021658,0.921990,0.957342,0.237400
info_edl,cifar_bg_b2.0_g1.0,0,cifar10,conf_eval,maxalpha,none,20260319T210436425931Z,0.902500,0.442382,0.057700,0.016369,nan,0.987297,nan
info_edl,cifar_bg_b2.0_g1.0,0,cifar10,conf_eval,maxp,none,20260319T210436425931Z,0.902500,0.442382,0.057700,0.016369,nan,0.987568,nan
info_edl,cifar_bg_b2.0_g1.0,0,cifar10,test,vacuity,none,20260319T200954637955Z,0.902500,nan,nan,nan,nan,nan,nan
info_edl,cifar_bg_b2.0_g1.0,0,cifar100,eval,alpha0,none,20260319T210436425931Z,0.902500,0.442382,0.057700,0.016369,0.840021,0.803260,0.512100
info_edl,cifar_bg_b2.0_g1.0,0,cifar100,eval,maxp,none,20260319T210436425931Z,0.902500,0.442382,0.057700,0.016369,0.838170,0.796058,0.511900
info_edl,cifar_bg_b2.0_g1.0,0,cifar100,eval,vacuity,none,20260319T210436425931Z,0.902500,0.442382,0.057700,0.016369,0.840021,0.803260,0.512100
info_edl,cifar_bg_b2.0_g1.0,0,svhn,eval,alpha0,none,20260319T210436425931Z,0.902500,0.442382,0.057700,0.016369,0.932071,0.959770,0.210100
info_edl,cifar_bg_b2.0_g1.0,0,svhn,eval,maxp,none,20260319T210436425931Z,0.902500,0.442382,0.057700,0.016369,0.905132,0.934971,0.218100
info_edl,cifar_bg_b2.0_g1.0,0,svhn,eval,vacuity,none,20260319T210436425931Z,0.902500,0.442382,0.057700,0.016369,0.932071,0.959770,0.210100
info_edl,cifar_bg_b2.0_g2.0,0,cifar10,conf_eval,maxalpha,none,20260319T220145459916Z,0.905100,0.405114,0.052280,0.016210,nan,0.986192,nan
info_edl,cifar_bg_b2.0_g2.0,0,cifar10,conf_eval,maxp,none,20260319T220145459916Z,0.905100,0.405114,0.052280,0.016210,nan,0.987476,nan
info_edl,cifar_bg_b2.0_g2.0,0,cifar10,test,vacuity,none,20260319T210445124122Z,0.905100,nan,nan,nan,nan,nan,nan
info_edl,cifar_bg_b2.0_g2.0,0,cifar100,eval,alpha0,none,20260319T220145459916Z,0.905100,0.405114,0.052280,0.016210,0.855013,0.832854,0.503300
info_edl,cifar_bg_b2.0_g2.0,0,cifar100,eval,maxp,none,20260319T220145459916Z,0.905100,0.405114,0.052280,0.016210,0.841799,0.804143,0.502900
info_edl,cifar_bg_b2.0_g2.0,0,cifar100,eval,vacuity,none,20260319T220145459916Z,0.905100,0.405114,0.052280,0.016210,0.855013,0.832854,0.503300
info_edl,cifar_bg_b2.0_g2.0,0,svhn,eval,alpha0,none,20260319T220145459916Z,0.905100,0.405114,0.052280,0.016210,0.921547,0.946826,0.208000
info_edl,cifar_bg_b2.0_g2.0,0,svhn,eval,maxp,none,20260319T220145459916Z,0.905100,0.405114,0.052280,0.016210,0.904485,0.938747,0.193700
info_edl,cifar_bg_b2.0_g2.0,0,svhn,eval,vacuity,none,20260319T220145459916Z,0.905100,0.405114,0.052280,0.016210,0.921547,0.946826,0.208000
info_edl,cifar_constant_gate,0,cifar10,conf_eval,maxalpha,none,20260319T050957939577Z,0.100000,2.302585,0.000000,0.900024,nan,0.100000,nan
info_edl,cifar_constant_gate,0,cifar10,conf_eval,maxp,none,20260319T050957939577Z,0.100000,2.302585,0.000000,0.900024,nan,0.100000,nan
info_edl,cifar_constant_gate,0,cifar10,test,vacuity,none,20260319T050018886139Z,0.100000,nan,nan,nan,nan,nan,nan
info_edl,cifar_constant_gate,0,cifar100,eval,alpha0,none,20260319T050957939577Z,0.100000,2.302585,0.000000,0.900024,0.500000,0.500000,1.000000
info_edl,cifar_constant_gate,0,cifar100,eval,maxp,none,20260319T050957939577Z,0.100000,2.302585,0.000000,0.900024,0.500000,0.500000,1.000000
info_edl,cifar_constant_gate,0,cifar100,eval,vacuity,none,20260319T050957939577Z,0.100000,2.302585,0.000000,0.900024,0.500000,0.500000,1.000000
info_edl,cifar_constant_gate,0,svhn,eval,alpha0,none,20260319T050957939577Z,0.100000,2.302585,0.000000,0.900024,0.500000,0.722469,1.000000
info_edl,cifar_constant_gate,0,svhn,eval,maxp,none,20260319T050957939577Z,0.100000,2.302585,0.000000,0.900024,0.500000,0.722469,1.000000
info_edl,cifar_constant_gate,0,svhn,eval,vacuity,none,20260319T050957939577Z,0.100000,2.302585,0.000000,0.900024,0.500000,0.722469,1.000000
info_edl,cifar_constant_gate,1,cifar10,conf_eval,maxalpha,none,20260319T071932388387Z,0.100000,2.302585,0.000000,0.900024,nan,0.100000,nan
info_edl,cifar_constant_gate,1,cifar10,conf_eval,maxp,none,20260319T071932388387Z,0.100000,2.302585,0.000000,0.900024,nan,0.100000,nan
info_edl,cifar_constant_gate,1,cifar10,test,vacuity,none,20260319T070948467196Z,0.100000,nan,nan,nan,nan,nan,nan
info_edl,cifar_constant_gate,1,cifar100,eval,alpha0,none,20260319T071932388387Z,0.100000,2.302585,0.000000,0.900024,0.500000,0.500000,1.000000
info_edl,cifar_constant_gate,1,cifar100,eval,maxp,none,20260319T071932388387Z,0.100000,2.302585,0.000000,0.900024,0.500000,0.500000,1.000000
info_edl,cifar_constant_gate,1,cifar100,eval,vacuity,none,20260319T071932388387Z,0.100000,2.302585,0.000000,0.900024,0.500000,0.500000,1.000000
info_edl,cifar_constant_gate,1,svhn,eval,alpha0,none,20260319T071932388387Z,0.100000,2.302585,0.000000,0.900024,0.500000,0.722469,1.000000
info_edl,cifar_constant_gate,1,svhn,eval,maxp,none,20260319T071932388387Z,0.100000,2.302585,0.000000,0.900024,0.500000,0.722469,1.000000
info_edl,cifar_constant_gate,1,svhn,eval,vacuity,none,20260319T071932388387Z,0.100000,2.302585,0.000000,0.900024,0.500000,0.722469,1.000000
info_edl,cifar_constant_gate,2,cifar10,conf_eval,maxalpha,none,20260319T092129322378Z,0.100000,2.302585,0.000000,0.900024,nan,0.100000,nan
info_edl,cifar_constant_gate,2,cifar10,conf_eval,maxp,none,20260319T092129322378Z,0.100000,2.302585,0.000000,0.900024,nan,0.100000,nan
info_edl,cifar_constant_gate,2,cifar10,test,vacuity,none,20260319T091147217821Z,0.100000,nan,nan,nan,nan,nan,nan
info_edl,cifar_constant_gate,2,cifar100,eval,alpha0,none,20260319T092129322378Z,0.100000,2.302585,0.000000,0.900024,0.500000,0.500000,1.000000
info_edl,cifar_constant_gate,2,cifar100,eval,maxp,none,20260319T092129322378Z,0.100000,2.302585,0.000000,0.900024,0.500000,0.500000,1.000000
info_edl,cifar_constant_gate,2,cifar100,eval,vacuity,none,20260319T092129322378Z,0.100000,2.302585,0.000000,0.900024,0.500000,0.500000,1.000000
info_edl,cifar_constant_gate,2,svhn,eval,alpha0,none,20260319T092129322378Z,0.100000,2.302585,0.000000,0.900024,0.500000,0.722469,1.000000
info_edl,cifar_constant_gate,2,svhn,eval,maxp,none,20260319T092129322378Z,0.100000,2.302585,0.000000,0.900024,0.500000,0.722469,1.000000
info_edl,cifar_constant_gate,2,svhn,eval,vacuity,none,20260319T092129322378Z,0.100000,2.302585,0.000000,0.900024,0.500000,0.722469,1.000000
info_edl,cifar_constant_gate,3,cifar10,conf_eval,maxalpha,none,20260319T121122177191Z,0.100000,2.302585,0.000000,0.900024,nan,0.100000,nan
info_edl,cifar_constant_gate,3,cifar10,conf_eval,maxp,none,20260319T121122177191Z,0.100000,2.302585,0.000000,0.900024,nan,0.100000,nan
info_edl,cifar_constant_gate,3,cifar10,test,vacuity,none,20260319T120139483423Z,0.100000,nan,nan,nan,nan,nan,nan
info_edl,cifar_constant_gate,3,cifar100,eval,alpha0,none,20260319T121122177191Z,0.100000,2.302585,0.000000,0.900024,0.500000,0.500000,1.000000
info_edl,cifar_constant_gate,3,cifar100,eval,maxp,none,20260319T121122177191Z,0.100000,2.302585,0.000000,0.900024,0.500000,0.500000,1.000000
info_edl,cifar_constant_gate,3,cifar100,eval,vacuity,none,20260319T121122177191Z,0.100000,2.302585,0.000000,0.900024,0.500000,0.500000,1.000000
info_edl,cifar_constant_gate,3,svhn,eval,alpha0,none,20260319T121122177191Z,0.100000,2.302585,0.000000,0.900024,0.500000,0.722469,1.000000
info_edl,cifar_constant_gate,3,svhn,eval,maxp,none,20260319T121122177191Z,0.100000,2.302585,0.000000,0.900024,0.500000,0.722469,1.000000
info_edl,cifar_constant_gate,3,svhn,eval,vacuity,none,20260319T121122177191Z,0.100000,2.302585,0.000000,0.900024,0.500000,0.722469,1.000000
info_edl,cifar_constant_gate,4,cifar10,conf_eval,maxalpha,none,20260319T150325071582Z,0.100000,2.302585,0.000000,0.900024,nan,0.100000,nan
info_edl,cifar_constant_gate,4,cifar10,conf_eval,maxp,none,20260319T150325071582Z,0.100000,2.302585,0.000000,0.900024,nan,0.100000,nan
info_edl,cifar_constant_gate,4,cifar10,test,vacuity,none,20260319T145342426163Z,0.100000,nan,nan,nan,nan,nan,nan
info_edl,cifar_constant_gate,4,cifar100,eval,alpha0,none,20260319T150325071582Z,0.100000,2.302585,0.000000,0.900024,0.500000,0.500000,1.000000
info_edl,cifar_constant_gate,4,cifar100,eval,maxp,none,20260319T150325071582Z,0.100000,2.302585,0.000000,0.900024,0.500000,0.500000,1.000000
info_edl,cifar_constant_gate,4,cifar100,eval,vacuity,none,20260319T150325071582Z,0.100000,2.302585,0.000000,0.900024,0.500000,0.500000,1.000000
info_edl,cifar_constant_gate,4,svhn,eval,alpha0,none,20260319T150325071582Z,0.100000,2.302585,0.000000,0.900024,0.500000,0.722469,1.000000
info_edl,cifar_constant_gate,4,svhn,eval,maxp,none,20260319T150325071582Z,0.100000,2.302585,0.000000,0.900024,0.500000,0.722469,1.000000
info_edl,cifar_constant_gate,4,svhn,eval,vacuity,none,20260319T150325071582Z,0.100000,2.302585,0.000000,0.900024,0.500000,0.722469,1.000000
info_edl,cifar_fim_detach,0,cifar10,conf_eval,maxalpha,none,20260319T035439036588Z,0.890300,0.450129,0.054359,0.019374,nan,0.984659,nan
info_edl,cifar_fim_detach,0,cifar10,conf_eval,maxp,none,20260319T035439036588Z,0.890300,0.450129,0.054359,0.019374,nan,0.985609,nan
info_edl,cifar_fim_detach,0,cifar10,test,vacuity,none,20260319T031531733731Z,0.890300,nan,nan,nan,nan,nan,nan
info_edl,cifar_fim_detach,0,cifar100,eval,alpha0,none,20260319T035439036588Z,0.890300,0.450129,0.054359,0.019374,0.840155,0.806140,0.514400
info_edl,cifar_fim_detach,0,cifar100,eval,maxp,none,20260319T035439036588Z,0.890300,0.450129,0.054359,0.019374,0.829012,0.784926,0.514400
info_edl,cifar_fim_detach,0,cifar100,eval,vacuity,none,20260319T035439036588Z,0.890300,0.450129,0.054359,0.019374,0.840155,0.806140,0.514400
info_edl,cifar_fim_detach,0,svhn,eval,alpha0,none,20260319T035439036588Z,0.890300,0.450129,0.054359,0.019374,0.916030,0.956682,0.314800
info_edl,cifar_fim_detach,0,svhn,eval,maxp,none,20260319T035439036588Z,0.890300,0.450129,0.054359,0.019374,0.916101,0.953350,0.307500
info_edl,cifar_fim_detach,0,svhn,eval,vacuity,none,20260319T035439036588Z,0.890300,0.450129,0.054359,0.019374,0.916030,0.956682,0.314800
info_edl,cifar_fim_detach,1,cifar10,conf_eval,maxalpha,none,20260319T060529429448Z,0.900900,0.415179,0.049814,0.016169,nan,0.988003,nan
info_edl,cifar_fim_detach,1,cifar10,conf_eval,maxp,none,20260319T060529429448Z,0.900900,0.415179,0.049814,0.016169,nan,0.987939,nan
info_edl,cifar_fim_detach,1,cifar10,test,vacuity,none,20260319T051950894557Z,0.900900,nan,nan,nan,nan,nan,nan
info_edl,cifar_fim_detach,1,cifar100,eval,alpha0,none,20260319T060529429448Z,0.900900,0.415179,0.049814,0.016169,0.855850,0.821933,0.450000
info_edl,cifar_fim_detach,1,cifar100,eval,maxp,none,20260319T060529429448Z,0.900900,0.415179,0.049814,0.016169,0.843896,0.798709,0.450000
info_edl,cifar_fim_detach,1,cifar100,eval,vacuity,none,20260319T060529429448Z,0.900900,0.415179,0.049814,0.016169,0.855850,0.821933,0.450000
info_edl,cifar_fim_detach,1,svhn,eval,alpha0,none,20260319T060529429448Z,0.900900,0.415179,0.049814,0.016169,0.863325,0.910833,0.380000
info_edl,cifar_fim_detach,1,svhn,eval,maxp,none,20260319T060529429448Z,0.900900,0.415179,0.049814,0.016169,0.867269,0.912510,0.380500
info_edl,cifar_fim_detach,1,svhn,eval,vacuity,none,20260319T060529429448Z,0.900900,0.415179,0.049814,0.016169,0.863325,0.910833,0.380000
info_edl,cifar_fim_detach,2,cifar10,conf_eval,maxalpha,none,20260319T081404827654Z,0.901300,0.421128,0.048950,0.019400,nan,0.983186,nan
info_edl,cifar_fim_detach,2,cifar10,conf_eval,maxp,none,20260319T081404827654Z,0.901300,0.421128,0.048950,0.019400,nan,0.984376,nan
info_edl,cifar_fim_detach,2,cifar10,test,vacuity,none,20260319T072931243224Z,0.901300,nan,nan,nan,nan,nan,nan
info_edl,cifar_fim_detach,2,cifar100,eval,alpha0,none,20260319T081404827654Z,0.901300,0.421128,0.048950,0.019400,0.817598,0.794804,0.603300
info_edl,cifar_fim_detach,2,cifar100,eval,maxp,none,20260319T081404827654Z,0.901300,0.421128,0.048950,0.019400,0.816448,0.781601,0.603300
info_edl,cifar_fim_detach,2,cifar100,eval,vacuity,none,20260319T081404827654Z,0.901300,0.421128,0.048950,0.019400,0.817598,0.794804,0.603300
info_edl,cifar_fim_detach,2,svhn,eval,alpha0,none,20260319T081404827654Z,0.901300,0.421128,0.048950,0.019400,0.924836,0.946715,0.173500
info_edl,cifar_fim_detach,2,svhn,eval,maxp,none,20260319T081404827654Z,0.901300,0.421128,0.048950,0.019400,0.883177,0.914632,0.202100
info_edl,cifar_fim_detach,2,svhn,eval,vacuity,none,20260319T081404827654Z,0.901300,0.421128,0.048950,0.019400,0.924836,0.946715,0.173500
info_edl,cifar_fim_detach,3,cifar10,conf_eval,maxalpha,none,20260319T102530089204Z,0.898900,0.448459,0.059273,0.016651,nan,0.987463,nan
info_edl,cifar_fim_detach,3,cifar10,conf_eval,maxp,none,20260319T102530089204Z,0.898900,0.448459,0.059273,0.016651,nan,0.987635,nan
info_edl,cifar_fim_detach,3,cifar10,test,vacuity,none,20260319T093153321319Z,0.898900,nan,nan,nan,nan,nan,nan
info_edl,cifar_fim_detach,3,cifar100,eval,alpha0,none,20260319T102530089204Z,0.898900,0.448459,0.059273,0.016651,0.863740,0.831035,0.436500
info_edl,cifar_fim_detach,3,cifar100,eval,maxp,none,20260319T102530089204Z,0.898900,0.448459,0.059273,0.016651,0.848964,0.801516,0.436600
info_edl,cifar_fim_detach,3,cifar100,eval,vacuity,none,20260319T102530089204Z,0.898900,0.448459,0.059273,0.016651,0.863740,0.831035,0.436500
info_edl,cifar_fim_detach,3,svhn,eval,alpha0,none,20260319T102530089204Z,0.898900,0.448459,0.059273,0.016651,0.917918,0.948046,0.225700
info_edl,cifar_fim_detach,3,svhn,eval,maxp,none,20260319T102530089204Z,0.898900,0.448459,0.059273,0.016651,0.898241,0.933030,0.231000
info_edl,cifar_fim_detach,3,svhn,eval,vacuity,none,20260319T102530089204Z,0.898900,0.448459,0.059273,0.016651,0.917918,0.948046,0.225700
info_edl,cifar_fim_detach,4,cifar10,conf_eval,maxalpha,none,20260319T130645700263Z,0.901600,0.414551,0.051492,0.017671,nan,0.985870,nan
info_edl,cifar_fim_detach,4,cifar10,conf_eval,maxp,none,20260319T130645700263Z,0.901600,0.414551,0.051492,0.017671,nan,0.986229,nan
info_edl,cifar_fim_detach,4,cifar10,test,vacuity,none,20260319T122121585469Z,0.901600,nan,nan,nan,nan,nan,nan
info_edl,cifar_fim_detach,4,cifar100,eval,alpha0,none,20260319T130645700263Z,0.901600,0.414551,0.051492,0.017671,0.846803,0.810184,0.464800
info_edl,cifar_fim_detach,4,cifar100,eval,maxp,none,20260319T130645700263Z,0.901600,0.414551,0.051492,0.017671,0.836270,0.789614,0.462000
info_edl,cifar_fim_detach,4,cifar100,eval,vacuity,none,20260319T130645700263Z,0.901600,0.414551,0.051492,0.017671,0.846803,0.810184,0.464800
info_edl,cifar_fim_detach,4,svhn,eval,alpha0,none,20260319T130645700263Z,0.901600,0.414551,0.051492,0.017671,0.927284,0.958959,0.250000
info_edl,cifar_fim_detach,4,svhn,eval,maxp,none,20260319T130645700263Z,0.901600,0.414551,0.051492,0.017671,0.902724,0.942260,0.258200
info_edl,cifar_fim_detach,4,svhn,eval,vacuity,none,20260319T130645700263Z,0.901600,0.414551,0.051492,0.017671,0.927284,0.958959,0.250000
info_edl,cifar_fim_nodetach,0,cifar10,conf_eval,maxalpha,none,20260319T043101368348Z,0.895800,0.413409,0.046508,0.019204,nan,0.984873,nan
info_edl,cifar_fim_nodetach,0,cifar10,conf_eval,maxp,none,20260319T043101368348Z,0.895800,0.413409,0.046508,0.019204,nan,0.985158,nan
info_edl,cifar_fim_nodetach,0,cifar10,test,vacuity,none,20260319T035449060941Z,0.895800,nan,nan,nan,nan,nan,nan
info_edl,cifar_fim_nodetach,0,cifar100,eval,alpha0,none,20260319T043101368348Z,0.895800,0.413409,0.046508,0.019204,0.852179,0.818482,0.466900
info_edl,cifar_fim_nodetach,0,cifar100,eval,maxp,none,20260319T043101368348Z,0.895800,0.413409,0.046508,0.019204,0.835024,0.790305,0.467000
info_edl,cifar_fim_nodetach,0,cifar100,eval,vacuity,none,20260319T043101368348Z,0.895800,0.413409,0.046508,0.019204,0.852179,0.818482,0.466900
info_edl,cifar_fim_nodetach,0,svhn,eval,alpha0,none,20260319T043101368348Z,0.895800,0.413409,0.046508,0.019204,0.905688,0.944033,0.276200
info_edl,cifar_fim_nodetach,0,svhn,eval,maxp,none,20260319T043101368348Z,0.895800,0.413409,0.046508,0.019204,0.884783,0.930029,0.291300
info_edl,cifar_fim_nodetach,0,svhn,eval,vacuity,none,20260319T043101368348Z,0.895800,0.413409,0.046508,0.019204,0.905688,0.944033,0.276200
info_edl,cifar_fim_nodetach,1,cifar10,conf_eval,maxalpha,none,20260319T063708938915Z,0.899700,0.407559,0.040535,0.018421,nan,0.984448,nan
info_edl,cifar_fim_nodetach,1,cifar10,conf_eval,maxp,none,20260319T063708938915Z,0.899700,0.407559,0.040535,0.018421,nan,0.985629,nan
info_edl,cifar_fim_nodetach,1,cifar10,test,vacuity,none,20260319T060538025598Z,0.899700,nan,nan,nan,nan,nan,nan
info_edl,cifar_fim_nodetach,1,cifar100,eval,alpha0,none,20260319T063708938915Z,0.899700,0.407559,0.040535,0.018421,0.860146,0.834203,0.471200
info_edl,cifar_fim_nodetach,1,cifar100,eval,maxp,none,20260319T063708938915Z,0.899700,0.407559,0.040535,0.018421,0.841064,0.797939,0.469400
info_edl,cifar_fim_nodetach,1,cifar100,eval,vacuity,none,20260319T063708938915Z,0.899700,0.407559,0.040535,0.018421,0.860146,0.834203,0.471200
info_edl,cifar_fim_nodetach,1,svhn,eval,alpha0,none,20260319T063708938915Z,0.899700,0.407559,0.040535,0.018421,0.885765,0.928681,0.285400
info_edl,cifar_fim_nodetach,1,svhn,eval,maxp,none,20260319T063708938915Z,0.899700,0.407559,0.040535,0.018421,0.888713,0.928255,0.269500
info_edl,cifar_fim_nodetach,1,svhn,eval,vacuity,none,20260319T063708938915Z,0.899700,0.407559,0.040535,0.018421,0.885765,0.928681,0.285400
info_edl,cifar_fim_nodetach,2,cifar10,conf_eval,maxalpha,none,20260319T084116854930Z,0.892600,0.403703,0.036802,0.020446,nan,0.982558,nan
info_edl,cifar_fim_nodetach,2,cifar10,conf_eval,maxp,none,20260319T084116854930Z,0.892600,0.403703,0.036802,0.020446,nan,0.984167,nan
info_edl,cifar_fim_nodetach,2,cifar10,test,vacuity,none,20260319T081413755498Z,0.892600,nan,nan,nan,nan,nan,nan
info_edl,cifar_fim_nodetach,2,cifar100,eval,alpha0,none,20260319T084116854930Z,0.892600,0.403703,0.036802,0.020446,0.847307,0.821768,0.504200
info_edl,cifar_fim_nodetach,2,cifar100,eval,maxp,none,20260319T084116854930Z,0.892600,0.403703,0.036802,0.020446,0.826659,0.786019,0.501900
info_edl,cifar_fim_nodetach,2,cifar100,eval,vacuity,none,20260319T084116854930Z,0.892600,0.403703,0.036802,0.020446,0.847307,0.821768,0.504200
info_edl,cifar_fim_nodetach,2,svhn,eval,alpha0,none,20260319T084116854930Z,0.892600,0.403703,0.036802,0.020446,0.907083,0.943469,0.357000
info_edl,cifar_fim_nodetach,2,svhn,eval,maxp,none,20260319T084116854930Z,0.892600,0.403703,0.036802,0.020446,0.912072,0.948496,0.302100
info_edl,cifar_fim_nodetach,2,svhn,eval,vacuity,none,20260319T084116854930Z,0.892600,0.403703,0.036802,0.020446,0.907083,0.943469,0.357000
info_edl,cifar_fim_nodetach,3,cifar10,conf_eval,maxalpha,none,20260319T111349271058Z,0.899600,0.442142,0.056809,0.018198,nan,0.985337,nan
info_edl,cifar_fim_nodetach,3,cifar10,conf_eval,maxp,none,20260319T111349271058Z,0.899600,0.442142,0.056809,0.018198,nan,0.985860,nan
info_edl,cifar_fim_nodetach,3,cifar10,test,vacuity,none,20260319T102538902203Z,0.899600,nan,nan,nan,nan,nan,nan
info_edl,cifar_fim_nodetach,3,cifar100,eval,alpha0,none,20260319T111349271058Z,0.899600,0.442142,0.056809,0.018198,0.855601,0.820340,0.448500
info_edl,cifar_fim_nodetach,3,cifar100,eval,maxp,none,20260319T111349271058Z,0.899600,0.442142,0.056809,0.018198,0.843694,0.799980,0.448600
info_edl,cifar_fim_nodetach,3,cifar100,eval,vacuity,none,20260319T111349271058Z,0.899600,0.442142,0.056809,0.018198,0.855601,0.820340,0.448500
info_edl,cifar_fim_nodetach,3,svhn,eval,alpha0,none,20260319T111349271058Z,0.899600,0.442142,0.056809,0.018198,0.947224,0.972281,0.203400
info_edl,cifar_fim_nodetach,3,svhn,eval,maxp,none,20260319T111349271058Z,0.899600,0.442142,0.056809,0.018198,0.923461,0.955171,0.209900
info_edl,cifar_fim_nodetach,3,svhn,eval,vacuity,none,20260319T111349271058Z,0.899600,0.442142,0.056809,0.018198,0.947224,0.972281,0.203400
info_edl,cifar_fim_nodetach,4,cifar10,conf_eval,maxalpha,none,20260319T140901870762Z,0.905800,0.459432,0.059109,0.016007,nan,0.987563,nan
info_edl,cifar_fim_nodetach,4,cifar10,conf_eval,maxp,none,20260319T140901870762Z,0.905800,0.459432,0.059109,0.016007,nan,0.987630,nan
info_edl,cifar_fim_nodetach,4,cifar10,test,vacuity,none,20260319T130654407299Z,0.905800,nan,nan,nan,nan,nan,nan
info_edl,cifar_fim_nodetach,4,cifar100,eval,alpha0,none,20260319T140901870762Z,0.905800,0.459432,0.059109,0.016007,0.860473,0.832955,0.468000
info_edl,cifar_fim_nodetach,4,cifar100,eval,maxp,none,20260319T140901870762Z,0.905800,0.459432,0.059109,0.016007,0.848757,0.807771,0.468200
info_edl,cifar_fim_nodetach,4,cifar100,eval,vacuity,none,20260319T140901870762Z,0.905800,0.459432,0.059109,0.016007,0.860473,0.832955,0.468000
info_edl,cifar_fim_nodetach,4,svhn,eval,alpha0,none,20260319T140901870762Z,0.905800,0.459432,0.059109,0.016007,0.889469,0.922163,0.270000
info_edl,cifar_fim_nodetach,4,svhn,eval,maxp,none,20260319T140901870762Z,0.905800,0.459432,0.059109,0.016007,0.883248,0.917899,0.271900
info_edl,cifar_fim_nodetach,4,svhn,eval,vacuity,none,20260319T140901870762Z,0.905800,0.459432,0.059109,0.016007,0.889469,0.922163,0.270000
info_edl,gpu_smoke_manual,0,cifar10,conf_eval,maxalpha,none,20260319T030212026269Z,0.100000,2.302629,0.001618,0.881918,nan,0.121341,nan
info_edl,gpu_smoke_manual,0,cifar10,conf_eval,maxp,none,20260319T030212026269Z,0.100000,2.302629,0.001618,0.881918,nan,0.124075,nan
info_edl,gpu_smoke_manual,0,cifar10,test,vacuity,none,20260319T030141231528Z,0.100000,nan,nan,nan,nan,nan,nan
info_edl,gpu_smoke_manual,0,cifar100,eval,alpha0,none,20260319T030212026269Z,0.100000,2.302629,0.001618,0.881918,0.480206,0.492246,0.973500
info_edl,gpu_smoke_manual,0,cifar100,eval,maxp,none,20260319T030212026269Z,0.100000,2.302629,0.001618,0.881918,0.468267,0.484974,0.978700
info_edl,gpu_smoke_manual,0,cifar100,eval,vacuity,none,20260319T030212026269Z,0.100000,2.302629,0.001618,0.881918,0.480206,0.492246,0.973500
info_edl,info_edl,0,cifar10,conf_eval,maxalpha,none,20260310T071723233566Z,0.906900,0.359821,0.023712,0.015815,nan,0.987564,nan
info_edl,info_edl,0,cifar10,conf_eval,maxp,none,20260310T071723233566Z,0.906900,0.359821,0.023712,0.015815,nan,0.987752,nan
info_edl,info_edl,0,cifar10,test,,none,20260304T164249Z,0.855100,nan,nan,nan,nan,nan,nan
info_edl,info_edl,0,cifar10,test,vacuity,none,20260310T030601718545Z,0.906900,nan,nan,nan,nan,nan,nan
info_edl,info_edl,0,cifar100,eval,,none,20260305T012443Z,0.855100,nan,nan,nan,0.812183,nan,0.574400
info_edl,info_edl,0,cifar100,eval,alpha0,none,20260310T071723233566Z,0.906900,0.359821,0.023712,0.015815,0.863942,0.836192,0.455900
info_edl,info_edl,0,cifar100,eval,maxp,none,20260310T071723233566Z,0.906900,0.359821,0.023712,0.015815,0.843091,0.800877,0.456000
info_edl,info_edl,0,cifar100,eval,vacuity,none,20260310T071723233566Z,0.906900,0.359821,0.023712,0.015815,0.863942,0.836192,0.455900
info_edl,info_edl,0,cub,fewshot_eval,alpha0,none,20260317T133359746107Z,0.387000,nan,nan,nan,0.408180,0.441539,0.905000
info_edl,info_edl,0,cub,fewshot_eval,maxp,none,20260317T133359746107Z,0.387000,nan,nan,nan,0.498060,0.491046,0.854000
info_edl,info_edl,0,cub,fewshot_eval,vacuity,none,20260317T133359746107Z,0.387000,nan,nan,nan,0.408180,0.441539,0.905000
info_edl,info_edl,0,fmnist,eval,alpha0,none,20260311T070823779097Z,0.991900,0.045536,0.004534,0.000166,0.996368,0.995635,0.014900
info_edl,info_edl,0,fmnist,eval,maxp,none,20260311T070823779097Z,0.991900,0.045536,0.004534,0.000166,0.991327,0.980509,0.017500
info_edl,info_edl,0,fmnist,eval,vacuity,none,20260311T070823779097Z,0.991900,0.045536,0.004534,0.000166,0.996368,0.995635,0.014900
info_edl,info_edl,0,kmnist,eval,alpha0,none,20260311T070823779097Z,0.991900,0.045536,0.004534,0.000166,0.989864,0.988773,0.041700
info_edl,info_edl,0,kmnist,eval,maxp,none,20260311T070823779097Z,0.991900,0.045536,0.004534,0.000166,0.986114,0.977730,0.041600
info_edl,info_edl,0,kmnist,eval,vacuity,none,20260311T070823779097Z,0.991900,0.045536,0.004534,0.000166,0.989864,0.988773,0.041700
info_edl,info_edl,0,miniimagenet,fewshot_eval,maxalpha,none,20260317T133359746107Z,0.387000,nan,nan,nan,nan,0.639583,nan
info_edl,info_edl,0,miniimagenet,fewshot_eval,maxp,none,20260317T133359746107Z,0.387000,nan,nan,nan,nan,0.636910,nan
info_edl,info_edl,0,miniimagenet,test,vacuity,none,20260317T131319838373Z,0.318000,nan,nan,nan,nan,nan,nan
info_edl,info_edl,0,mnist,conf_eval,maxalpha,none,20260311T070823779097Z,0.991900,0.045536,0.004534,0.000166,nan,0.999867,nan
info_edl,info_edl,0,mnist,conf_eval,maxp,none,20260311T070823779097Z,0.991900,0.045536,0.004534,0.000166,nan,0.999866,nan
info_edl,info_edl,0,mnist,test,vacuity,none,20260311T062550088301Z,0.991900,nan,nan,nan,nan,nan,nan
info_edl,info_edl,0,svhn,eval,,none,20260305T012443Z,0.855100,nan,nan,nan,0.814943,nan,0.440500
info_edl,info_edl,0,svhn,eval,alpha0,none,20260310T071723233566Z,0.906900,0.359821,0.023712,0.015815,0.931308,0.956064,0.209000
info_edl,info_edl,0,svhn,eval,maxp,none,20260310T071723233566Z,0.906900,0.359821,0.023712,0.015815,0.912852,0.936692,0.205500
info_edl,info_edl,0,svhn,eval,vacuity,none,20260310T071723233566Z,0.906900,0.359821,0.023712,0.015815,0.931308,0.956064,0.209000
info_edl,info_edl,1,cifar10,conf_eval,maxalpha,none,20260310T071739510665Z,0.898400,0.362754,0.019591,0.017917,nan,0.985509,nan
info_edl,info_edl,1,cifar10,conf_eval,maxp,none,20260310T071739510665Z,0.898400,0.362754,0.019591,0.017917,nan,0.986283,nan
info_edl,info_edl,1,cifar10,test,,none,20260304T165847Z,0.853400,nan,nan,nan,nan,nan,nan
info_edl,info_edl,1,cifar10,test,vacuity,none,20260310T034137114559Z,0.898400,nan,nan,nan,nan,nan,nan
info_edl,info_edl,1,cifar100,eval,,none,20260305T012504Z,0.853400,nan,nan,nan,0.813410,nan,0.579600
info_edl,info_edl,1,cifar100,eval,alpha0,none,20260310T071739510665Z,0.898400,0.362754,0.019591,0.017917,0.860059,0.839273,0.470500
info_edl,info_edl,1,cifar100,eval,maxp,none,20260310T071739510665Z,0.898400,0.362754,0.019591,0.017917,0.839895,0.800976,0.464700
info_edl,info_edl,1,cifar100,eval,vacuity,none,20260310T071739510665Z,0.898400,0.362754,0.019591,0.017917,0.860059,0.839273,0.470500
info_edl,info_edl,1,fmnist,eval,alpha0,none,20260311T070831958244Z,0.991100,0.043559,0.005733,0.000230,0.995055,0.994215,0.021600
info_edl,info_edl,1,fmnist,eval,maxp,none,20260311T070831958244Z,0.991100,0.043559,0.005733,0.000230,0.986299,0.975582,0.027800
info_edl,info_edl,1,fmnist,eval,vacuity,none,20260311T070831958244Z,0.991100,0.043559,0.005733,0.000230,0.995055,0.994215,0.021600
info_edl,info_edl,1,kmnist,eval,alpha0,none,20260311T070831958244Z,0.991100,0.043559,0.005733,0.000230,0.985835,0.984148,0.060500
info_edl,info_edl,1,kmnist,eval,maxp,none,20260311T070831958244Z,0.991100,0.043559,0.005733,0.000230,0.980957,0.972202,0.056300
info_edl,info_edl,1,kmnist,eval,vacuity,none,20260311T070831958244Z,0.991100,0.043559,0.005733,0.000230,0.985835,0.984148,0.060500
info_edl,info_edl,1,mnist,conf_eval,maxalpha,none,20260311T070831958244Z,0.991100,0.043559,0.005733,0.000230,nan,0.999807,nan
info_edl,info_edl,1,mnist,conf_eval,maxp,none,20260311T070831958244Z,0.991100,0.043559,0.005733,0.000230,nan,0.999809,nan
info_edl,info_edl,1,mnist,test,vacuity,none,20260311T063722077253Z,0.991100,nan,nan,nan,nan,nan,nan
info_edl,info_edl,1,svhn,eval,,none,20260305T012504Z,0.853400,nan,nan,nan,0.812951,nan,0.466700
info_edl,info_edl,1,svhn,eval,alpha0,none,20260310T071739510665Z,0.898400,0.362754,0.019591,0.017917,0.895565,0.940957,0.308800
info_edl,info_edl,1,svhn,eval,maxp,none,20260310T071739510665Z,0.898400,0.362754,0.019591,0.017917,0.931318,0.961708,0.204200
info_edl,info_edl,1,svhn,eval,vacuity,none,20260310T071739510665Z,0.898400,0.362754,0.019591,0.017917,0.895565,0.940957,0.308800
info_edl,info_edl,2,cifar10,conf_eval,maxalpha,none,20260310T071755784905Z,0.908100,0.370306,0.033696,0.014858,nan,0.988620,nan
info_edl,info_edl,2,cifar10,conf_eval,maxp,none,20260310T071755784905Z,0.908100,0.370306,0.033696,0.014858,nan,0.988658,nan
info_edl,info_edl,2,cifar10,test,,none,20260304T171454Z,0.852400,nan,nan,nan,nan,nan,nan
info_edl,info_edl,2,cifar10,test,vacuity,none,20260310T041016286335Z,0.908100,nan,nan,nan,nan,nan,nan
info_edl,info_edl,2,cifar100,eval,,none,20260305T012525Z,0.852600,nan,nan,nan,0.815032,nan,0.584400
info_edl,info_edl,2,cifar100,eval,alpha0,none,20260310T071755784905Z,0.908100,0.370306,0.033696,0.014858,0.867801,0.842324,0.433700
info_edl,info_edl,2,cifar100,eval,maxp,none,20260310T071755784905Z,0.908100,0.370306,0.033696,0.014858,0.847550,0.802975,0.434000
info_edl,info_edl,2,cifar100,eval,vacuity,none,20260310T071755784905Z,0.908100,0.370306,0.033696,0.014858,0.867801,0.842324,0.433700
info_edl,info_edl,2,fmnist,eval,alpha0,none,20260311T070839760405Z,0.993900,0.030762,0.002795,0.000221,0.991906,0.990607,0.034800
info_edl,info_edl,2,fmnist,eval,maxp,none,20260311T070839760405Z,0.993900,0.030762,0.002795,0.000221,0.985658,0.975187,0.038200
info_edl,info_edl,2,fmnist,eval,vacuity,none,20260311T070839760405Z,0.993900,0.030762,0.002795,0.000221,0.991906,0.990607,0.034800
info_edl,info_edl,2,kmnist,eval,alpha0,none,20260311T070839760405Z,0.993900,0.030762,0.002795,0.000221,0.985178,0.983241,0.057900
info_edl,info_edl,2,kmnist,eval,maxp,none,20260311T070839760405Z,0.993900,0.030762,0.002795,0.000221,0.983390,0.974783,0.046700
info_edl,info_edl,2,kmnist,eval,vacuity,none,20260311T070839760405Z,0.993900,0.030762,0.002795,0.000221,0.985178,0.983241,0.057900
info_edl,info_edl,2,mnist,conf_eval,maxalpha,none,20260311T070839760405Z,0.993900,0.030762,0.002795,0.000221,nan,0.999795,nan
info_edl,info_edl,2,mnist,conf_eval,maxp,none,20260311T070839760405Z,0.993900,0.030762,0.002795,0.000221,nan,0.999797,nan
info_edl,info_edl,2,mnist,test,vacuity,none,20260311T064317880330Z,0.993900,nan,nan,nan,nan,nan,nan
info_edl,info_edl,2,svhn,eval,,none,20260305T012525Z,0.852600,nan,nan,nan,0.778980,nan,0.564900
info_edl,info_edl,2,svhn,eval,alpha0,none,20260310T071755784905Z,0.908100,0.370306,0.033696,0.014858,0.939799,0.969177,0.221400
info_edl,info_edl,2,svhn,eval,maxp,none,20260310T071755784905Z,0.908100,0.370306,0.033696,0.014858,0.904156,0.938598,0.232500
info_edl,info_edl,2,svhn,eval,vacuity,none,20260310T071755784905Z,0.908100,0.370306,0.033696,0.014858,0.939799,0.969177,0.221400
info_edl,info_edl,3,cifar10,conf_eval,maxalpha,none,20260310T071811657303Z,0.902100,0.374325,0.030271,0.015842,nan,0.987736,nan
info_edl,info_edl,3,cifar10,conf_eval,maxp,none,20260310T071811657303Z,0.902100,0.374325,0.030271,0.015842,nan,0.988179,nan
info_edl,info_edl,3,cifar10,test,,none,20260304T173053Z,0.856100,nan,nan,nan,nan,nan,nan
info_edl,info_edl,3,cifar10,test,vacuity,none,20260310T045244595231Z,0.902100,nan,nan,nan,nan,nan,nan
info_edl,info_edl,3,cifar100,eval,,none,20260305T012546Z,0.856100,nan,nan,nan,0.812850,nan,0.571900
info_edl,info_edl,3,cifar100,eval,alpha0,none,20260310T071811657303Z,0.902100,0.374325,0.030271,0.015842,0.865089,0.840665,0.455000
info_edl,info_edl,3,cifar100,eval,maxp,none,20260310T071811657303Z,0.902100,0.374325,0.030271,0.015842,0.842491,0.794783,0.452800
info_edl,info_edl,3,cifar100,eval,vacuity,none,20260310T071811657303Z,0.902100,0.374325,0.030271,0.015842,0.865089,0.840665,0.455000
info_edl,info_edl,3,fmnist,eval,alpha0,none,20260311T070847522147Z,0.991500,0.046492,0.001936,0.000175,0.988351,0.986322,0.048500
info_edl,info_edl,3,fmnist,eval,maxp,none,20260311T070847522147Z,0.991500,0.046492,0.001936,0.000175,0.983716,0.972940,0.049300
info_edl,info_edl,3,fmnist,eval,vacuity,none,20260311T070847522147Z,0.991500,0.046492,0.001936,0.000175,0.988351,0.986322,0.048500
info_edl,info_edl,3,kmnist,eval,alpha0,none,20260311T070847522147Z,0.991500,0.046492,0.001936,0.000175,0.988392,0.986009,0.046600
info_edl,info_edl,3,kmnist,eval,maxp,none,20260311T070847522147Z,0.991500,0.046492,0.001936,0.000175,0.984648,0.976055,0.046000
info_edl,info_edl,3,kmnist,eval,vacuity,none,20260311T070847522147Z,0.991500,0.046492,0.001936,0.000175,0.988392,0.986009,0.046600
info_edl,info_edl,3,mnist,conf_eval,maxalpha,none,20260311T070847522147Z,0.991500,0.046492,0.001936,0.000175,nan,0.999852,nan
info_edl,info_edl,3,mnist,conf_eval,maxp,none,20260311T070847522147Z,0.991500,0.046492,0.001936,0.000175,nan,0.999860,nan
info_edl,info_edl,3,mnist,test,vacuity,none,20260311T065228948234Z,0.991500,nan,nan,nan,nan,nan,nan
info_edl,info_edl,3,svhn,eval,,none,20260305T012546Z,0.856100,nan,nan,nan,0.741306,nan,0.564700
info_edl,info_edl,3,svhn,eval,alpha0,none,20260310T071811657303Z,0.902100,0.374325,0.030271,0.015842,0.936981,0.966534,0.217200
info_edl,info_edl,3,svhn,eval,maxp,none,20260310T071811657303Z,0.902100,0.374325,0.030271,0.015842,0.905564,0.938675,0.219600
info_edl,info_edl,3,svhn,eval,vacuity,none,20260310T071811657303Z,0.902100,0.374325,0.030271,0.015842,0.936981,0.966534,0.217200
info_edl,info_edl,4,cifar10,conf_eval,maxalpha,none,20260310T071828082507Z,0.904900,0.380540,0.040182,0.015451,nan,0.987971,nan
info_edl,info_edl,4,cifar10,conf_eval,maxp,none,20260310T071828082507Z,0.904900,0.380540,0.040182,0.015451,nan,0.988309,nan
info_edl,info_edl,4,cifar10,test,,none,20260304T174706Z,0.857000,nan,nan,nan,nan,nan,nan
info_edl,info_edl,4,cifar10,test,vacuity,none,20260310T052813163015Z,0.904900,nan,nan,nan,nan,nan,nan
info_edl,info_edl,4,cifar100,eval,,none,20260305T012607Z,0.857100,nan,nan,nan,0.813484,nan,0.568300
info_edl,info_edl,4,cifar100,eval,alpha0,none,20260310T071828082507Z,0.904900,0.380540,0.040182,0.015451,0.867310,0.843759,0.437000
info_edl,info_edl,4,cifar100,eval,maxp,none,20260310T071828082507Z,0.904900,0.380540,0.040182,0.015451,0.850868,0.807434,0.436700
info_edl,info_edl,4,cifar100,eval,vacuity,none,20260310T071828082507Z,0.904900,0.380540,0.040182,0.015451,0.867310,0.843759,0.437000
info_edl,info_edl,4,fmnist,eval,alpha0,none,20260311T070855230232Z,0.992900,0.039063,0.004844,0.000286,0.987959,0.985946,0.045000
info_edl,info_edl,4,fmnist,eval,maxp,none,20260311T070855230232Z,0.992900,0.039063,0.004844,0.000286,0.981966,0.970412,0.048200
info_edl,info_edl,4,fmnist,eval,vacuity,none,20260311T070855230232Z,0.992900,0.039063,0.004844,0.000286,0.987959,0.985946,0.045000
info_edl,info_edl,4,kmnist,eval,alpha0,none,20260311T070855230232Z,0.992900,0.039063,0.004844,0.000286,0.983911,0.981539,0.061400
info_edl,info_edl,4,kmnist,eval,maxp,none,20260311T070855230232Z,0.992900,0.039063,0.004844,0.000286,0.981978,0.972811,0.052100
info_edl,info_edl,4,kmnist,eval,vacuity,none,20260311T070855230232Z,0.992900,0.039063,0.004844,0.000286,0.983911,0.981539,0.061400
info_edl,info_edl,4,mnist,conf_eval,maxalpha,none,20260311T070855230232Z,0.992900,0.039063,0.004844,0.000286,nan,0.999740,nan
info_edl,info_edl,4,mnist,conf_eval,maxp,none,20260311T070855230232Z,0.992900,0.039063,0.004844,0.000286,nan,0.999738,nan
info_edl,info_edl,4,mnist,test,vacuity,none,20260311T070136708526Z,0.992900,nan,nan,nan,nan,nan,nan
info_edl,info_edl,4,svhn,eval,,none,20260305T012607Z,0.857100,nan,nan,nan,0.791688,nan,0.506200
info_edl,info_edl,4,svhn,eval,alpha0,none,20260310T071828082507Z,0.904900,0.380540,0.040182,0.015451,0.941431,0.963815,0.191800
info_edl,info_edl,4,svhn,eval,maxp,none,20260310T071828082507Z,0.904900,0.380540,0.040182,0.015451,0.907645,0.940875,0.209200
info_edl,info_edl,4,svhn,eval,vacuity,none,20260310T071828082507Z,0.904900,0.380540,0.040182,0.015451,0.941431,0.963815,0.191800
info_edl,info_edl_fim_detach_smoke,0,mnist,test,vacuity,none,20260318T133440418485Z,0.935500,nan,nan,nan,nan,nan,nan
info_edl,mnist_alpha0_gate,0,fmnist,eval,alpha0,none,20260318T190339005608Z,0.994300,0.034645,0.013643,0.000085,0.885063,0.896450,0.580100
info_edl,mnist_alpha0_gate,0,fmnist,eval,maxp,none,20260318T190339005608Z,0.994300,0.034645,0.013643,0.000085,0.930402,0.928131,0.368500
info_edl,mnist_alpha0_gate,0,fmnist,eval,vacuity,none,20260318T190339005608Z,0.994300,0.034645,0.013643,0.000085,0.885063,0.896450,0.580100
info_edl,mnist_alpha0_gate,0,kmnist,eval,alpha0,none,20260318T190339005608Z,0.994300,0.034645,0.013643,0.000085,0.960657,0.964681,0.232100
info_edl,mnist_alpha0_gate,0,kmnist,eval,maxp,none,20260318T190339005608Z,0.994300,0.034645,0.013643,0.000085,0.960725,0.962578,0.208200
info_edl,mnist_alpha0_gate,0,kmnist,eval,vacuity,none,20260318T190339005608Z,0.994300,0.034645,0.013643,0.000085,0.960657,0.964681,0.232100
info_edl,mnist_alpha0_gate,0,mnist,conf_eval,maxalpha,none,20260318T190339005608Z,0.994300,0.034645,0.013643,0.000085,nan,0.999848,nan
info_edl,mnist_alpha0_gate,0,mnist,conf_eval,maxp,none,20260318T190339005608Z,0.994300,0.034645,0.013643,0.000085,nan,0.999931,nan
info_edl,mnist_alpha0_gate,0,mnist,test,vacuity,none,20260318T173423701222Z,0.994300,nan,nan,nan,nan,nan,nan
info_edl,mnist_bg_b0.5_g0.5,0,fmnist,eval,alpha0,none,20260318T205759803501Z,0.993500,0.046720,0.027722,0.000082,0.966797,0.966866,0.157800
info_edl,mnist_bg_b0.5_g0.5,0,fmnist,eval,maxp,none,20260318T205759803501Z,0.993500,0.046720,0.027722,0.000082,0.972572,0.968791,0.100300
info_edl,mnist_bg_b0.5_g0.5,0,fmnist,eval,vacuity,none,20260318T205759803501Z,0.993500,0.046720,0.027722,0.000082,0.966797,0.966866,0.157800
info_edl,mnist_bg_b0.5_g0.5,0,kmnist,eval,alpha0,none,20260318T205759803501Z,0.993500,0.046720,0.027722,0.000082,0.958946,0.964911,0.235300
info_edl,mnist_bg_b0.5_g0.5,0,kmnist,eval,maxp,none,20260318T205759803501Z,0.993500,0.046720,0.027722,0.000082,0.963148,0.965677,0.169600
info_edl,mnist_bg_b0.5_g0.5,0,kmnist,eval,vacuity,none,20260318T205759803501Z,0.993500,0.046720,0.027722,0.000082,0.958946,0.964911,0.235300
info_edl,mnist_bg_b0.5_g0.5,0,mnist,conf_eval,maxalpha,none,20260318T205759803501Z,0.993500,0.046720,0.027722,0.000082,nan,0.999905,nan
info_edl,mnist_bg_b0.5_g0.5,0,mnist,conf_eval,maxp,none,20260318T205759803501Z,0.993500,0.046720,0.027722,0.000082,nan,0.999939,nan
info_edl,mnist_bg_b0.5_g0.5,0,mnist,test,vacuity,none,20260318T192333524374Z,0.993500,nan,nan,nan,nan,nan,nan
info_edl,mnist_bg_b0.5_g1.0,0,fmnist,eval,alpha0,none,20260318T224552127528Z,0.992200,0.036430,0.010230,0.000143,0.953975,0.957803,0.235500
info_edl,mnist_bg_b0.5_g1.0,0,fmnist,eval,maxp,none,20260318T224552127528Z,0.992200,0.036430,0.010230,0.000143,0.949608,0.949329,0.228300
info_edl,mnist_bg_b0.5_g1.0,0,fmnist,eval,vacuity,none,20260318T224552127528Z,0.992200,0.036430,0.010230,0.000143,0.953975,0.957803,0.235500
info_edl,mnist_bg_b0.5_g1.0,0,kmnist,eval,alpha0,none,20260318T224552127528Z,0.992200,0.036430,0.010230,0.000143,0.965405,0.968661,0.189900
info_edl,mnist_bg_b0.5_g1.0,0,kmnist,eval,maxp,none,20260318T224552127528Z,0.992200,0.036430,0.010230,0.000143,0.964213,0.964386,0.161800
info_edl,mnist_bg_b0.5_g1.0,0,kmnist,eval,vacuity,none,20260318T224552127528Z,0.992200,0.036430,0.010230,0.000143,0.965405,0.968661,0.189900
info_edl,mnist_bg_b0.5_g1.0,0,mnist,conf_eval,maxalpha,none,20260318T224552127528Z,0.992200,0.036430,0.010230,0.000143,nan,0.999797,nan
info_edl,mnist_bg_b0.5_g1.0,0,mnist,conf_eval,maxp,none,20260318T224552127528Z,0.992200,0.036430,0.010230,0.000143,nan,0.999887,nan
info_edl,mnist_bg_b0.5_g1.0,0,mnist,test,vacuity,none,20260318T205813106349Z,0.992200,nan,nan,nan,nan,nan,nan
info_edl,mnist_bg_b0.5_g2.0,0,fmnist,eval,alpha0,none,20260319T000914235707Z,0.993600,0.037707,0.014455,0.000099,0.965585,0.966134,0.164700
info_edl,mnist_bg_b0.5_g2.0,0,fmnist,eval,maxp,none,20260319T000914235707Z,0.993600,0.037707,0.014455,0.000099,0.963335,0.960821,0.140000
info_edl,mnist_bg_b0.5_g2.0,0,fmnist,eval,vacuity,none,20260319T000914235707Z,0.993600,0.037707,0.014455,0.000099,0.965585,0.966134,0.164700
info_edl,mnist_bg_b0.5_g2.0,0,kmnist,eval,alpha0,none,20260319T000914235707Z,0.993600,0.037707,0.014455,0.000099,0.958751,0.964139,0.244900
info_edl,mnist_bg_b0.5_g2.0,0,kmnist,eval,maxp,none,20260319T000914235707Z,0.993600,0.037707,0.014455,0.000099,0.962007,0.962865,0.173500
info_edl,mnist_bg_b0.5_g2.0,0,kmnist,eval,vacuity,none,20260319T000914235707Z,0.993600,0.037707,0.014455,0.000099,0.958751,0.964139,0.244900
info_edl,mnist_bg_b0.5_g2.0,0,mnist,conf_eval,maxalpha,none,20260319T000914235707Z,0.993600,0.037707,0.014455,0.000099,nan,0.999828,nan
info_edl,mnist_bg_b0.5_g2.0,0,mnist,conf_eval,maxp,none,20260319T000914235707Z,0.993600,0.037707,0.014455,0.000099,nan,0.999921,nan
info_edl,mnist_bg_b0.5_g2.0,0,mnist,test,vacuity,none,20260318T224605863795Z,0.993700,nan,nan,nan,nan,nan,nan
info_edl,mnist_bg_b1.0_g0.5,0,fmnist,eval,alpha0,none,20260319T015529626925Z,0.994800,0.062243,0.042412,0.000091,0.930714,0.943323,0.474300
info_edl,mnist_bg_b1.0_g0.5,0,fmnist,eval,maxp,none,20260319T015529626925Z,0.994800,0.062243,0.042412,0.000091,0.963673,0.965446,0.142800
info_edl,mnist_bg_b1.0_g0.5,0,fmnist,eval,vacuity,none,20260319T015529626925Z,0.994800,0.062243,0.042412,0.000091,0.930714,0.943323,0.474300
info_edl,mnist_bg_b1.0_g0.5,0,kmnist,eval,alpha0,none,20260319T015529626925Z,0.994800,0.062243,0.042412,0.000091,0.976847,0.979677,0.090200
info_edl,mnist_bg_b1.0_g0.5,0,kmnist,eval,maxp,none,20260319T015529626925Z,0.994800,0.062243,0.042412,0.000091,0.976758,0.978537,0.081000
info_edl,mnist_bg_b1.0_g0.5,0,kmnist,eval,vacuity,none,20260319T015529626925Z,0.994800,0.062243,0.042412,0.000091,0.976847,0.979677,0.090200
info_edl,mnist_bg_b1.0_g0.5,0,mnist,conf_eval,maxalpha,none,20260319T015529626925Z,0.994800,0.062243,0.042412,0.000091,nan,0.999899,nan
info_edl,mnist_bg_b1.0_g0.5,0,mnist,conf_eval,maxp,none,20260319T015529626925Z,0.994800,0.062243,0.042412,0.000091,nan,0.999922,nan
info_edl,mnist_bg_b1.0_g0.5,0,mnist,test,vacuity,none,20260319T000927731389Z,0.994800,nan,nan,nan,nan,nan,nan
info_edl,mnist_bg_b1.0_g1.0,0,mnist,test,vacuity,none,20260319T015543001405Z,0.994500,nan,nan,nan,nan,nan,nan
info_edl,mnist_constant_gate,0,fmnist,eval,alpha0,none,20260318T192319708006Z,0.098000,2.302585,0.002000,0.908409,0.500000,0.500000,1.000000
info_edl,mnist_constant_gate,0,fmnist,eval,maxp,none,20260318T192319708006Z,0.098000,2.302585,0.002000,0.908409,0.500000,0.500000,1.000000
info_edl,mnist_constant_gate,0,fmnist,eval,vacuity,none,20260318T192319708006Z,0.098000,2.302585,0.002000,0.908409,0.500000,0.500000,1.000000
info_edl,mnist_constant_gate,0,kmnist,eval,alpha0,none,20260318T192319708006Z,0.098000,2.302585,0.002000,0.908409,0.500000,0.500000,1.000000
info_edl,mnist_constant_gate,0,kmnist,eval,maxp,none,20260318T192319708006Z,0.098000,2.302585,0.002000,0.908409,0.500000,0.500000,1.000000
info_edl,mnist_constant_gate,0,kmnist,eval,vacuity,none,20260318T192319708006Z,0.098000,2.302585,0.002000,0.908409,0.500000,0.500000,1.000000
info_edl,mnist_constant_gate,0,mnist,conf_eval,maxalpha,none,20260318T192319708006Z,0.098000,2.302585,0.002000,0.908409,nan,0.098000,nan
info_edl,mnist_constant_gate,0,mnist,conf_eval,maxp,none,20260318T192319708006Z,0.098000,2.302585,0.002000,0.908409,nan,0.098000,nan
info_edl,mnist_constant_gate,0,mnist,test,vacuity,none,20260318T190352926505Z,0.098000,nan,nan,nan,nan,nan,nan
info_edl,mnist_fim_detach,0,fmnist,eval,alpha0,none,20260318T154128624594Z,0.994500,0.029332,0.009718,0.000068,0.975530,0.976490,0.100000
info_edl,mnist_fim_detach,0,fmnist,eval,maxp,none,20260318T154128624594Z,0.994500,0.029332,0.009718,0.000068,0.973883,0.973366,0.085700
info_edl,mnist_fim_detach,0,fmnist,eval,vacuity,none,20260318T154128624594Z,0.994500,0.029332,0.009718,0.000068,0.975530,0.976490,0.100000
info_edl,mnist_fim_detach,0,kmnist,eval,alpha0,none,20260318T154128624594Z,0.994500,0.029332,0.009718,0.000068,0.967054,0.969912,0.169400
info_edl,mnist_fim_detach,0,kmnist,eval,maxp,none,20260318T154128624594Z,0.994500,0.029332,0.009718,0.000068,0.968135,0.968997,0.139100
info_edl,mnist_fim_detach,0,kmnist,eval,vacuity,none,20260318T154128624594Z,0.994500,0.029332,0.009718,0.000068,0.967054,0.969912,0.169400
info_edl,mnist_fim_detach,0,mnist,conf_eval,maxalpha,none,20260318T154128624594Z,0.994500,0.029332,0.009718,0.000068,nan,0.999887,nan
info_edl,mnist_fim_detach,0,mnist,conf_eval,maxp,none,20260318T154128624594Z,0.994500,0.029332,0.009718,0.000068,nan,0.999947,nan
info_edl,mnist_fim_detach,0,mnist,test,vacuity,none,20260318T133626558263Z,0.994500,nan,nan,nan,nan,nan,nan
info_edl,mnist_fim_nodetach,0,fmnist,eval,alpha0,none,20260318T173409978571Z,0.892500,0.265304,0.022548,0.006085,0.832950,0.715829,0.438700
info_edl,mnist_fim_nodetach,0,fmnist,eval,maxp,none,20260318T173409978571Z,0.892500,0.265304,0.022548,0.006085,0.867371,0.740822,0.249500
info_edl,mnist_fim_nodetach,0,fmnist,eval,vacuity,none,20260318T173409978571Z,0.892500,0.265304,0.022548,0.006085,0.832950,0.715829,0.438700
info_edl,mnist_fim_nodetach,0,kmnist,eval,alpha0,none,20260318T173409978571Z,0.892500,0.265304,0.022548,0.006085,0.870840,0.799929,0.382900
info_edl,mnist_fim_nodetach,0,kmnist,eval,maxp,none,20260318T173409978571Z,0.892500,0.265304,0.022548,0.006085,0.882614,0.805886,0.260600
info_edl,mnist_fim_nodetach,0,kmnist,eval,vacuity,none,20260318T173409978571Z,0.892500,0.265304,0.022548,0.006085,0.870840,0.799929,0.382900
info_edl,mnist_fim_nodetach,0,mnist,conf_eval,maxalpha,none,20260318T173409978571Z,0.892500,0.265304,0.022548,0.006085,nan,0.999701,nan
info_edl,mnist_fim_nodetach,0,mnist,conf_eval,maxp,none,20260318T173409978571Z,0.892500,0.265304,0.022548,0.006085,nan,0.999894,nan
info_edl,mnist_fim_nodetach,0,mnist,test,vacuity,none,20260318T154142066058Z,0.892600,nan,nan,nan,nan,nan,nan
info_edl,svhn_smoke,0,cifar10,conf_eval,maxalpha,none,20260319T030254759009Z,0.100000,2.302629,0.001618,0.881918,nan,0.121341,nan
info_edl,svhn_smoke,0,cifar10,conf_eval,maxp,none,20260319T030254759009Z,0.100000,2.302629,0.001618,0.881918,nan,0.124075,nan
info_edl,svhn_smoke,0,svhn,eval,alpha0,none,20260319T030254759009Z,0.100000,2.302629,0.001618,0.881918,0.506643,0.712005,0.891100
info_edl,svhn_smoke,0,svhn,eval,maxp,none,20260319T030254759009Z,0.100000,2.302629,0.001618,0.881918,0.671541,0.805190,0.832300
info_edl,svhn_smoke,0,svhn,eval,vacuity,none,20260319T030254759009Z,0.100000,2.302629,0.001618,0.881918,0.506643,0.712005,0.891100
