method,method_variant,dataset,split,score_type,accuracy_mean,accuracy_std,nll_mean,nll_std,ece_mean,ece_std,aurc_mean,aurc_std,auroc_mean,auroc_std,aupr_mean,aupr_std,fpr95_mean,fpr95_std,n
edl_l0001,edl_fixed_l0001,cifar10,test,vacuity,0.929550,0.000750,nan,nan,nan,nan,nan,nan,nan,nan,nan,nan,nan,nan,2
edl_l0001,edl_fixed_l0001,cifar100,eval,alpha0,0.929550,0.000750,0.334174,0.001316,0.051446,0.002424,0.018017,0.000115,0.823417,0.015667,0.821864,0.006756,0.750700,0.072500,2
edl_l0001,edl_fixed_l0001,cifar100,eval,maxp,0.929550,0.000750,0.334174,0.001316,0.051446,0.002424,0.018017,0.000115,0.818441,0.014423,0.804906,0.004330,0.750700,0.072500,2
edl_l0001,edl_fixed_l0001,cifar100,eval,vacuity,0.929550,0.000750,0.334174,0.001316,0.051446,0.002424,0.018017,0.000115,0.823417,0.015667,0.821864,0.006756,0.750700,0.072500,2
edl_l0001,edl_fixed_l0001,mnist,test,vacuity,0.995040,0.000287,nan,nan,nan,nan,nan,nan,nan,nan,nan,nan,nan,nan,5
edl_l0001,edl_fixed_l0001,svhn,eval,alpha0,0.929550,0.000750,0.334174,0.001316,0.051446,0.002424,0.018017,0.000115,0.862184,0.053811,0.923786,0.023829,0.522350,0.253250,2
edl_l0001,edl_fixed_l0001,svhn,eval,maxp,0.929550,0.000750,0.334174,0.001316,0.051446,0.002424,0.018017,0.000115,0.856541,0.048920,0.920831,0.019139,0.522450,0.253150,2
edl_l0001,edl_fixed_l0001,svhn,eval,vacuity,0.929550,0.000750,0.334174,0.001316,0.051446,0.002424,0.018017,0.000115,0.862184,0.053811,0.923786,0.023829,0.522350,0.253250,2
edl_l01,edl_fixed_l01,cifar10,test,vacuity,0.931050,0.000050,nan,nan,nan,nan,nan,nan,nan,nan,nan,nan,nan,nan,2
edl_l01,edl_fixed_l01,cifar100,eval,alpha0,0.931050,0.000050,1.028417,0.003948,0.535931,0.002228,0.025207,0.001615,0.763661,0.010087,0.777583,0.002758,0.910500,0.001700,2
edl_l01,edl_fixed_l01,cifar100,eval,maxp,0.931050,0.000050,1.028417,0.003948,0.535931,0.002228,0.025207,0.001615,0.770739,0.007710,0.781243,0.001413,0.895650,0.000350,2
edl_l01,edl_fixed_l01,cifar100,eval,vacuity,0.931050,0.000050,1.028417,0.003948,0.535931,0.002228,0.025207,0.001615,0.763661,0.010087,0.777583,0.002758,0.910500,0.001700,2
edl_l01,edl_fixed_l01,svhn,eval,alpha0,0.931050,0.000050,1.028417,0.003948,0.535931,0.002228,0.025207,0.001615,0.807452,0.004786,0.913586,0.007318,0.934650,0.014850,2
edl_l01,edl_fixed_l01,svhn,eval,maxp,0.931050,0.000050,1.028417,0.003948,0.535931,0.002228,0.025207,0.001615,0.813330,0.003385,0.916153,0.007197,0.922850,0.023050,2
edl_l01,edl_fixed_l01,svhn,eval,vacuity,0.931050,0.000050,1.028417,0.003948,0.535931,0.002228,0.025207,0.001615,0.807452,0.004786,0.913586,0.007318,0.934650,0.014850,2
edl_l01,edl_l01,cifar10,test,,0.910940,0.029053,nan,nan,nan,nan,nan,nan,nan,nan,nan,nan,nan,nan,5
edl_l01,edl_l01,cifar100,eval,,0.854060,0.001381,nan,nan,nan,nan,nan,nan,0.763926,0.008506,nan,nan,0.792960,0.039610,5
edl_l01,edl_l01,svhn,eval,,0.854060,0.001381,nan,nan,nan,nan,nan,nan,0.791553,0.026644,nan,nan,0.570740,0.085547,5
edl_l1,cifar_fixed_l1_matched,cifar10,conf_eval,maxalpha,0.336900,0.067548,1.774899,0.142792,0.048929,0.029836,0.504894,0.091041,nan,nan,0.504269,0.128916,nan,nan,5
edl_l1,cifar_fixed_l1_matched,cifar10,conf_eval,maxp,0.336900,0.067548,1.774899,0.142792,0.048929,0.029836,0.504894,0.091041,nan,nan,0.564190,0.089896,nan,nan,5
edl_l1,cifar_fixed_l1_matched,cifar10,test,vacuity,0.336900,0.067548,nan,nan,nan,nan,nan,nan,nan,nan,nan,nan,nan,nan,5
edl_l1,cifar_fixed_l1_matched,cifar100,eval,alpha0,0.336900,0.067548,1.774899,0.142792,0.048929,0.029836,0.504894,0.091041,0.532238,0.055705,0.519531,0.044067,0.894160,0.042712,5
edl_l1,cifar_fixed_l1_matched,cifar100,eval,maxp,0.336900,0.067548,1.774899,0.142792,0.048929,0.029836,0.504894,0.091041,0.558531,0.029381,0.543813,0.022530,0.920260,0.027796,5
edl_l1,cifar_fixed_l1_matched,cifar100,eval,vacuity,0.336900,0.067548,1.774899,0.142792,0.048929,0.029836,0.504894,0.091041,0.532238,0.055705,0.519531,0.044067,0.894160,0.042712,5
edl_l1,cifar_fixed_l1_matched,svhn,eval,alpha0,0.336900,0.067548,1.774899,0.142792,0.048929,0.029836,0.504894,0.091041,0.384231,0.149582,0.637563,0.085066,0.842260,0.125296,5
edl_l1,cifar_fixed_l1_matched,svhn,eval,maxp,0.336900,0.067548,1.774899,0.142792,0.048929,0.029836,0.504894,0.091041,0.671279,0.044408,0.789724,0.027116,0.615500,0.052069,5
edl_l1,cifar_fixed_l1_matched,svhn,eval,vacuity,0.336900,0.067548,1.774899,0.142792,0.048929,0.029836,0.504894,0.091041,0.384232,0.149582,0.637563,0.085066,0.842260,0.125296,5
edl_l1,edl_fixed_l1,cifar10,test,vacuity,0.637800,0.037361,nan,nan,nan,nan,nan,nan,nan,nan,nan,nan,nan,nan,5
edl_l1,edl_fixed_l1,cifar100,eval,alpha0,0.933350,0.000550,2.192087,0.000074,0.820928,0.000521,0.029812,0.002894,0.510141,0.010027,0.613311,0.002450,0.992200,0.001100,2
edl_l1,edl_fixed_l1,cifar100,eval,maxp,0.933350,0.000550,2.192087,0.000074,0.820928,0.000521,0.029812,0.002894,0.715595,0.001877,0.747268,0.000003,0.945400,0.020700,2
edl_l1,edl_fixed_l1,cifar100,eval,vacuity,0.933350,0.000550,2.192087,0.000074,0.820928,0.000521,0.029812,0.002894,0.510141,0.010027,0.613311,0.002450,0.992200,0.001100,2
edl_l1,edl_fixed_l1,svhn,eval,alpha0,0.933350,0.000550,2.192087,0.000074,0.820928,0.000521,0.029812,0.002894,0.528818,0.001881,0.807767,0.002668,0.994150,0.001550,2
edl_l1,edl_fixed_l1,svhn,eval,maxp,0.933350,0.000550,2.192087,0.000074,0.820928,0.000521,0.029812,0.002894,0.762815,0.015034,0.898365,0.008792,0.919250,0.014450,2
edl_l1,edl_fixed_l1,svhn,eval,vacuity,0.933350,0.000550,2.192087,0.000074,0.820928,0.000521,0.029812,0.002894,0.528818,0.001881,0.807767,0.002668,0.994150,0.001550,2
edl_l1,edl_l1,cifar10,test,,0.927380,0.001057,nan,nan,nan,nan,nan,nan,nan,nan,nan,nan,nan,nan,5
edl_l1,edl_l1,cifar100,eval,,0.855500,0.000297,nan,nan,nan,nan,nan,nan,0.574447,0.019714,nan,nan,0.984520,0.003287,5
edl_l1,edl_l1,svhn,eval,,0.855500,0.000297,nan,nan,nan,nan,nan,nan,0.540130,0.048573,nan,nan,0.979280,0.010384,5
iedl_ref,iedl_ref,cifar10,conf_eval,maxalpha,0.896600,0.008070,0.885158,0.029579,0.402361,0.004973,0.017391,0.001581,nan,nan,0.987113,0.000966,nan,nan,5
iedl_ref,iedl_ref,cifar10,conf_eval,maxp,0.896600,0.008070,0.885158,0.029579,0.402361,0.004973,0.017391,0.001581,nan,nan,0.987120,0.000965,nan,nan,5
iedl_ref,iedl_ref,cifar10,test,vacuity,0.896600,0.008070,nan,nan,nan,nan,nan,nan,nan,nan,nan,nan,nan,nan,5
iedl_ref,iedl_ref,cifar100,eval,alpha0,0.896600,0.008070,0.885158,0.029579,0.402361,0.004973,0.017391,0.001581,0.823919,0.010208,0.755401,0.014949,0.485380,0.050693,5
iedl_ref,iedl_ref,cifar100,eval,maxp,0.896600,0.008070,0.885158,0.029579,0.402361,0.004973,0.017391,0.001581,0.836516,0.008302,0.797297,0.009130,0.485380,0.050693,5
iedl_ref,iedl_ref,cifar100,eval,vacuity,0.896600,0.008070,0.885158,0.029579,0.402361,0.004973,0.017391,0.001581,0.823919,0.010208,0.755401,0.014949,0.485380,0.050693,5
iedl_ref,iedl_ref,fmnist,eval,alpha0,0.992660,0.000589,0.487633,0.006240,0.368027,0.003155,0.000402,0.000240,0.991476,0.001226,0.980229,0.002518,0.018260,0.002410,5
iedl_ref,iedl_ref,fmnist,eval,maxp,0.992660,0.000589,0.487633,0.006240,0.368027,0.003155,0.000402,0.000240,0.992618,0.001222,0.987269,0.002337,0.018240,0.002443,5
iedl_ref,iedl_ref,fmnist,eval,vacuity,0.992660,0.000589,0.487633,0.006240,0.368027,0.003155,0.000402,0.000240,0.991476,0.001226,0.980229,0.002518,0.018260,0.002410,5
iedl_ref,iedl_ref,kmnist,eval,alpha0,0.992660,0.000589,0.487633,0.006240,0.368027,0.003155,0.000402,0.000240,0.984372,0.003849,0.977475,0.003943,0.042060,0.007585,5
iedl_ref,iedl_ref,kmnist,eval,maxp,0.992660,0.000589,0.487633,0.006240,0.368027,0.003155,0.000402,0.000240,0.984839,0.003858,0.980220,0.003489,0.042040,0.007585,5
iedl_ref,iedl_ref,kmnist,eval,vacuity,0.992660,0.000589,0.487633,0.006240,0.368027,0.003155,0.000402,0.000240,0.984372,0.003849,0.977475,0.003943,0.042060,0.007585,5
iedl_ref,iedl_ref,mnist,conf_eval,maxalpha,0.992660,0.000589,0.487633,0.006240,0.368027,0.003155,0.000402,0.000240,nan,nan,0.999624,0.000241,nan,nan,5
iedl_ref,iedl_ref,mnist,conf_eval,maxp,0.992660,0.000589,0.487633,0.006240,0.368027,0.003155,0.000402,0.000240,nan,nan,0.999624,0.000241,nan,nan,5
iedl_ref,iedl_ref,mnist,test,vacuity,0.992660,0.000589,nan,nan,nan,nan,nan,nan,nan,nan,nan,nan,nan,nan,5
iedl_ref,iedl_ref,svhn,eval,alpha0,0.896600,0.008070,0.885158,0.029579,0.402361,0.004973,0.017391,0.001581,0.881239,0.008850,0.914773,0.009340,0.297200,0.025617,5
iedl_ref,iedl_ref,svhn,eval,maxp,0.896600,0.008070,0.885158,0.029579,0.402361,0.004973,0.017391,0.001581,0.885633,0.015002,0.924651,0.012860,0.297180,0.025641,5
iedl_ref,iedl_ref,svhn,eval,vacuity,0.896600,0.008070,0.885158,0.029579,0.402361,0.004973,0.017391,0.001581,0.881239,0.008850,0.914773,0.009340,0.297200,0.025617,5
info_edl,cifar_alpha0_gate,cifar10,conf_eval,maxalpha,0.897040,0.004266,0.433754,0.014891,0.050343,0.007517,0.019169,0.001301,nan,nan,0.981634,0.003296,nan,nan,5
info_edl,cifar_alpha0_gate,cifar10,conf_eval,maxp,0.897040,0.004266,0.433754,0.014891,0.050343,0.007517,0.019169,0.001301,nan,nan,0.985069,0.001039,nan,nan,5
info_edl,cifar_alpha0_gate,cifar10,test,vacuity,0.897040,0.004266,nan,nan,nan,nan,nan,nan,nan,nan,nan,nan,nan,nan,5
info_edl,cifar_alpha0_gate,cifar100,eval,alpha0,0.897040,0.004266,0.433754,0.014891,0.050343,0.007517,0.019169,0.001301,0.825274,0.023181,0.807605,0.019022,0.613420,0.079663,5
info_edl,cifar_alpha0_gate,cifar100,eval,maxp,0.897040,0.004266,0.433754,0.014891,0.050343,0.007517,0.019169,0.001301,0.831035,0.005878,0.793516,0.006760,0.535820,0.010320,5
info_edl,cifar_alpha0_gate,cifar100,eval,vacuity,0.897040,0.004266,0.433754,0.014891,0.050343,0.007517,0.019169,0.001301,0.825274,0.023181,0.807605,0.019022,0.613420,0.079663,5
info_edl,cifar_alpha0_gate,svhn,eval,alpha0,0.897040,0.004266,0.433754,0.014891,0.050343,0.007517,0.019169,0.001301,0.830430,0.027863,0.896533,0.020179,0.517140,0.107231,5
info_edl,cifar_alpha0_gate,svhn,eval,maxp,0.897040,0.004266,0.433754,0.014891,0.050343,0.007517,0.019169,0.001301,0.903045,0.016538,0.941988,0.011101,0.280940,0.084377,5
info_edl,cifar_alpha0_gate,svhn,eval,vacuity,0.897040,0.004266,0.433754,0.014891,0.050343,0.007517,0.019169,0.001301,0.830430,0.027863,0.896533,0.020179,0.517140,0.107231,5
info_edl,cifar_bg_b0.5_g0.5,cifar10,conf_eval,maxalpha,0.900300,0.000000,0.407077,0.000000,0.027593,0.000000,0.016859,0.000000,nan,nan,0.987089,0.000000,nan,nan,1
info_edl,cifar_bg_b0.5_g0.5,cifar10,conf_eval,maxp,0.900300,0.000000,0.407077,0.000000,0.027593,0.000000,0.016859,0.000000,nan,nan,0.987254,0.000000,nan,nan,1
info_edl,cifar_bg_b0.5_g0.5,cifar10,test,vacuity,0.900300,0.000000,nan,nan,nan,nan,nan,nan,nan,nan,nan,nan,nan,nan,1
info_edl,cifar_bg_b0.5_g0.5,cifar100,eval,alpha0,0.900300,0.000000,0.407077,0.000000,0.027593,0.000000,0.016859,0.000000,0.855373,0.000000,0.824126,0.000000,0.459700,0.000000,1
info_edl,cifar_bg_b0.5_g0.5,cifar100,eval,maxp,0.900300,0.000000,0.407077,0.000000,0.027593,0.000000,0.016859,0.000000,0.845567,0.000000,0.805060,0.000000,0.459700,0.000000,1
info_edl,cifar_bg_b0.5_g0.5,cifar100,eval,vacuity,0.900300,0.000000,0.407077,0.000000,0.027593,0.000000,0.016859,0.000000,0.855373,0.000000,0.824126,0.000000,0.459700,0.000000,1
info_edl,cifar_bg_b0.5_g0.5,svhn,eval,alpha0,0.900300,0.000000,0.407077,0.000000,0.027593,0.000000,0.016859,0.000000,0.945880,0.000000,0.968964,0.000000,0.186300,0.000000,1
info_edl,cifar_bg_b0.5_g0.5,svhn,eval,maxp,0.900300,0.000000,0.407077,0.000000,0.027593,0.000000,0.016859,0.000000,0.928603,0.000000,0.956447,0.000000,0.194000,0.000000,1
info_edl,cifar_bg_b0.5_g0.5,svhn,eval,vacuity,0.900300,0.000000,0.407077,0.000000,0.027593,0.000000,0.016859,0.000000,0.945880,0.000000,0.968964,0.000000,0.186300,0.000000,1
info_edl,cifar_bg_b0.5_g1.0,cifar10,conf_eval,maxalpha,0.900400,0.000000,0.412061,0.000000,0.051883,0.000000,0.016839,0.000000,nan,nan,0.986828,0.000000,nan,nan,1
info_edl,cifar_bg_b0.5_g1.0,cifar10,conf_eval,maxp,0.900400,0.000000,0.412061,0.000000,0.051883,0.000000,0.016839,0.000000,nan,nan,0.987262,0.000000,nan,nan,1
info_edl,cifar_bg_b0.5_g1.0,cifar10,test,vacuity,0.900400,0.000000,nan,nan,nan,nan,nan,nan,nan,nan,nan,nan,nan,nan,1
info_edl,cifar_bg_b0.5_g1.0,cifar100,eval,alpha0,0.900400,0.000000,0.412061,0.000000,0.051883,0.000000,0.016839,0.000000,0.849442,0.000000,0.812378,0.000000,0.465400,0.000000,1
info_edl,cifar_bg_b0.5_g1.0,cifar100,eval,maxp,0.900400,0.000000,0.412061,0.000000,0.051883,0.000000,0.016839,0.000000,0.841646,0.000000,0.801198,0.000000,0.465400,0.000000,1
info_edl,cifar_bg_b0.5_g1.0,cifar100,eval,vacuity,0.900400,0.000000,0.412061,0.000000,0.051883,0.000000,0.016839,0.000000,0.849442,0.000000,0.812378,0.000000,0.465400,0.000000,1
info_edl,cifar_bg_b0.5_g1.0,svhn,eval,alpha0,0.900400,0.000000,0.412061,0.000000,0.051883,0.000000,0.016839,0.000000,0.913010,0.000000,0.939415,0.000000,0.228600,0.000000,1
info_edl,cifar_bg_b0.5_g1.0,svhn,eval,maxp,0.900400,0.000000,0.412061,0.000000,0.051883,0.000000,0.016839,0.000000,0.898758,0.000000,0.934718,0.000000,0.235200,0.000000,1
info_edl,cifar_bg_b0.5_g1.0,svhn,eval,vacuity,0.900400,0.000000,0.412061,0.000000,0.051883,0.000000,0.016839,0.000000,0.913010,0.000000,0.939415,0.000000,0.228600,0.000000,1
info_edl,cifar_bg_b0.5_g2.0,cifar10,conf_eval,maxalpha,0.902600,0.000000,0.464088,0.000000,0.058190,0.000000,0.020023,0.000000,nan,nan,0.982560,0.000000,nan,nan,1
info_edl,cifar_bg_b0.5_g2.0,cifar10,conf_eval,maxp,0.902600,0.000000,0.464088,0.000000,0.058190,0.000000,0.020023,0.000000,nan,nan,0.983582,0.000000,nan,nan,1
info_edl,cifar_bg_b0.5_g2.0,cifar10,test,vacuity,0.902600,0.000000,nan,nan,nan,nan,nan,nan,nan,nan,nan,nan,nan,nan,1
info_edl,cifar_bg_b0.5_g2.0,cifar100,eval,alpha0,0.902600,0.000000,0.464088,0.000000,0.058190,0.000000,0.020023,0.000000,0.851883,0.000000,0.827661,0.000000,0.503500,0.000000,1
info_edl,cifar_bg_b0.5_g2.0,cifar100,eval,maxp,0.902600,0.000000,0.464088,0.000000,0.058190,0.000000,0.020023,0.000000,0.838628,0.000000,0.796176,0.000000,0.503000,0.000000,1
info_edl,cifar_bg_b0.5_g2.0,cifar100,eval,vacuity,0.902600,0.000000,0.464088,0.000000,0.058190,0.000000,0.020023,0.000000,0.851883,0.000000,0.827661,0.000000,0.503500,0.000000,1
info_edl,cifar_bg_b0.5_g2.0,svhn,eval,alpha0,0.902600,0.000000,0.464088,0.000000,0.058190,0.000000,0.020023,0.000000,0.930229,0.000000,0.962023,0.000000,0.246900,0.000000,1
info_edl,cifar_bg_b0.5_g2.0,svhn,eval,maxp,0.902600,0.000000,0.464088,0.000000,0.058190,0.000000,0.020023,0.000000,0.925074,0.000000,0.953119,0.000000,0.181000,0.000000,1
info_edl,cifar_bg_b0.5_g2.0,svhn,eval,vacuity,0.902600,0.000000,0.464088,0.000000,0.058190,0.000000,0.020023,0.000000,0.930229,0.000000,0.962023,0.000000,0.246900,0.000000,1
info_edl,cifar_bg_b1.0_g0.5,cifar10,conf_eval,maxalpha,0.904900,0.000000,0.423456,0.000000,0.041346,0.000000,0.022018,0.000000,nan,nan,0.981191,0.000000,nan,nan,1
info_edl,cifar_bg_b1.0_g0.5,cifar10,conf_eval,maxp,0.904900,0.000000,0.423456,0.000000,0.041346,0.000000,0.022018,0.000000,nan,nan,0.981162,0.000000,nan,nan,1
info_edl,cifar_bg_b1.0_g0.5,cifar10,test,vacuity,0.904900,0.000000,nan,nan,nan,nan,nan,nan,nan,nan,nan,nan,nan,nan,1
info_edl,cifar_bg_b1.0_g0.5,cifar100,eval,alpha0,0.904900,0.000000,0.423456,0.000000,0.041346,0.000000,0.022018,0.000000,0.822596,0.000000,0.807476,0.000000,0.678600,0.000000,1
info_edl,cifar_bg_b1.0_g0.5,cifar100,eval,maxp,0.904900,0.000000,0.423456,0.000000,0.041346,0.000000,0.022018,0.000000,0.815402,0.000000,0.789502,0.000000,0.678600,0.000000,1
info_edl,cifar_bg_b1.0_g0.5,cifar100,eval,vacuity,0.904900,0.000000,0.423456,0.000000,0.041346,0.000000,0.022018,0.000000,0.822596,0.000000,0.807476,0.000000,0.678600,0.000000,1
info_edl,cifar_bg_b1.0_g0.5,svhn,eval,alpha0,0.904900,0.000000,0.423456,0.000000,0.041346,0.000000,0.022018,0.000000,0.887088,0.000000,0.944231,0.000000,0.517600,0.000000,1
info_edl,cifar_bg_b1.0_g0.5,svhn,eval,maxp,0.904900,0.000000,0.423456,0.000000,0.041346,0.000000,0.022018,0.000000,0.875490,0.000000,0.932323,0.000000,0.517600,0.000000,1
info_edl,cifar_bg_b1.0_g0.5,svhn,eval,vacuity,0.904900,0.000000,0.423456,0.000000,0.041346,0.000000,0.022018,0.000000,0.887088,0.000000,0.944231,0.000000,0.517600,0.000000,1
info_edl,cifar_bg_b1.0_g1.0,cifar10,conf_eval,maxalpha,0.890300,0.000000,0.450129,0.000000,0.054359,0.000000,0.019374,0.000000,nan,nan,0.984659,0.000000,nan,nan,1
info_edl,cifar_bg_b1.0_g1.0,cifar10,conf_eval,maxp,0.890300,0.000000,0.450129,0.000000,0.054359,0.000000,0.019374,0.000000,nan,nan,0.985609,0.000000,nan,nan,1
info_edl,cifar_bg_b1.0_g1.0,cifar10,test,vacuity,0.890300,0.000000,nan,nan,nan,nan,nan,nan,nan,nan,nan,nan,nan,nan,1
info_edl,cifar_bg_b1.0_g1.0,cifar100,eval,alpha0,0.890300,0.000000,0.450129,0.000000,0.054359,0.000000,0.019374,0.000000,0.840155,0.000000,0.806140,0.000000,0.514400,0.000000,1
info_edl,cifar_bg_b1.0_g1.0,cifar100,eval,maxp,0.890300,0.000000,0.450129,0.000000,0.054359,0.000000,0.019374,0.000000,0.829012,0.000000,0.784926,0.000000,0.514400,0.000000,1
info_edl,cifar_bg_b1.0_g1.0,cifar100,eval,vacuity,0.890300,0.000000,0.450129,0.000000,0.054359,0.000000,0.019374,0.000000,0.840155,0.000000,0.806140,0.000000,0.514400,0.000000,1
info_edl,cifar_bg_b1.0_g1.0,svhn,eval,alpha0,0.890300,0.000000,0.450129,0.000000,0.054359,0.000000,0.019374,0.000000,0.916030,0.000000,0.956682,0.000000,0.314800,0.000000,1
info_edl,cifar_bg_b1.0_g1.0,svhn,eval,maxp,0.890300,0.000000,0.450129,0.000000,0.054359,0.000000,0.019374,0.000000,0.916101,0.000000,0.953350,0.000000,0.307500,0.000000,1
info_edl,cifar_bg_b1.0_g1.0,svhn,eval,vacuity,0.890300,0.000000,0.450129,0.000000,0.054359,0.000000,0.019374,0.000000,0.916030,0.000000,0.956682,0.000000,0.314800,0.000000,1
info_edl,cifar_bg_b1.0_g2.0,cifar10,conf_eval,maxalpha,0.898200,0.000000,0.428700,0.000000,0.050556,0.000000,0.018899,0.000000,nan,nan,0.984177,0.000000,nan,nan,1
info_edl,cifar_bg_b1.0_g2.0,cifar10,conf_eval,maxp,0.898200,0.000000,0.428700,0.000000,0.050556,0.000000,0.018899,0.000000,nan,nan,0.985251,0.000000,nan,nan,1
info_edl,cifar_bg_b1.0_g2.0,cifar10,test,vacuity,0.898200,0.000000,nan,nan,nan,nan,nan,nan,nan,nan,nan,nan,nan,nan,1
info_edl,cifar_bg_b1.0_g2.0,cifar100,eval,alpha0,0.898200,0.000000,0.428700,0.000000,0.050556,0.000000,0.018899,0.000000,0.849568,0.000000,0.824370,0.000000,0.494600,0.000000,1
info_edl,cifar_bg_b1.0_g2.0,cifar100,eval,maxp,0.898200,0.000000,0.428700,0.000000,0.050556,0.000000,0.018899,0.000000,0.838871,0.000000,0.799074,0.000000,0.492100,0.000000,1
info_edl,cifar_bg_b1.0_g2.0,cifar100,eval,vacuity,0.898200,0.000000,0.428700,0.000000,0.050556,0.000000,0.018899,0.000000,0.849568,0.000000,0.824370,0.000000,0.494600,0.000000,1
info_edl,cifar_bg_b1.0_g2.0,svhn,eval,alpha0,0.898200,0.000000,0.428700,0.000000,0.050556,0.000000,0.018899,0.000000,0.939436,0.000000,0.968464,0.000000,0.207900,0.000000,1
info_edl,cifar_bg_b1.0_g2.0,svhn,eval,maxp,0.898200,0.000000,0.428700,0.000000,0.050556,0.000000,0.018899,0.000000,0.911823,0.000000,0.947908,0.000000,0.220700,0.000000,1
info_edl,cifar_bg_b1.0_g2.0,svhn,eval,vacuity,0.898200,0.000000,0.428700,0.000000,0.050556,0.000000,0.018899,0.000000,0.939436,0.000000,0.968464,0.000000,0.207900,0.000000,1
info_edl,cifar_bg_b2.0_g0.5,cifar10,conf_eval,maxalpha,0.901400,0.000000,0.431739,0.000000,0.039359,0.000000,0.021658,0.000000,nan,nan,0.981885,0.000000,nan,nan,1
info_edl,cifar_bg_b2.0_g0.5,cifar10,conf_eval,maxp,0.901400,0.000000,0.431739,0.000000,0.039359,0.000000,0.021658,0.000000,nan,nan,0.981872,0.000000,nan,nan,1
info_edl,cifar_bg_b2.0_g0.5,cifar10,test,vacuity,0.901400,0.000000,nan,nan,nan,nan,nan,nan,nan,nan,nan,nan,nan,nan,1
info_edl,cifar_bg_b2.0_g0.5,cifar100,eval,alpha0,0.901400,0.000000,0.431739,0.000000,0.039359,0.000000,0.021658,0.000000,0.822776,0.000000,0.805059,0.000000,0.686300,0.000000,1
info_edl,cifar_bg_b2.0_g0.5,cifar100,eval,maxp,0.901400,0.000000,0.431739,0.000000,0.039359,0.000000,0.021658,0.000000,0.816194,0.000000,0.789856,0.000000,0.686300,0.000000,1
info_edl,cifar_bg_b2.0_g0.5,cifar100,eval,vacuity,0.901400,0.000000,0.431739,0.000000,0.039359,0.000000,0.021658,0.000000,0.822776,0.000000,0.805059,0.000000,0.686300,0.000000,1
info_edl,cifar_bg_b2.0_g0.5,svhn,eval,alpha0,0.901400,0.000000,0.431739,0.000000,0.039359,0.000000,0.021658,0.000000,0.921990,0.000000,0.957342,0.000000,0.237400,0.000000,1
info_edl,cifar_bg_b2.0_g0.5,svhn,eval,maxp,0.901400,0.000000,0.431739,0.000000,0.039359,0.000000,0.021658,0.000000,0.909484,0.000000,0.948971,0.000000,0.237400,0.000000,1
info_edl,cifar_bg_b2.0_g0.5,svhn,eval,vacuity,0.901400,0.000000,0.431739,0.000000,0.039359,0.000000,0.021658,0.000000,0.921990,0.000000,0.957342,0.000000,0.237400,0.000000,1
info_edl,cifar_bg_b2.0_g1.0,cifar10,conf_eval,maxalpha,0.902500,0.000000,0.442382,0.000000,0.057700,0.000000,0.016369,0.000000,nan,nan,0.987297,0.000000,nan,nan,1
info_edl,cifar_bg_b2.0_g1.0,cifar10,conf_eval,maxp,0.902500,0.000000,0.442382,0.000000,0.057700,0.000000,0.016369,0.000000,nan,nan,0.987568,0.000000,nan,nan,1
info_edl,cifar_bg_b2.0_g1.0,cifar10,test,vacuity,0.902500,0.000000,nan,nan,nan,nan,nan,nan,nan,nan,nan,nan,nan,nan,1
info_edl,cifar_bg_b2.0_g1.0,cifar100,eval,alpha0,0.902500,0.000000,0.442382,0.000000,0.057700,0.000000,0.016369,0.000000,0.840021,0.000000,0.803260,0.000000,0.512100,0.000000,1
info_edl,cifar_bg_b2.0_g1.0,cifar100,eval,maxp,0.902500,0.000000,0.442382,0.000000,0.057700,0.000000,0.016369,0.000000,0.838170,0.000000,0.796058,0.000000,0.511900,0.000000,1
info_edl,cifar_bg_b2.0_g1.0,cifar100,eval,vacuity,0.902500,0.000000,0.442382,0.000000,0.057700,0.000000,0.016369,0.000000,0.840021,0.000000,0.803260,0.000000,0.512100,0.000000,1
info_edl,cifar_bg_b2.0_g1.0,svhn,eval,alpha0,0.902500,0.000000,0.442382,0.000000,0.057700,0.000000,0.016369,0.000000,0.932071,0.000000,0.959770,0.000000,0.210100,0.000000,1
info_edl,cifar_bg_b2.0_g1.0,svhn,eval,maxp,0.902500,0.000000,0.442382,0.000000,0.057700,0.000000,0.016369,0.000000,0.905132,0.000000,0.934971,0.000000,0.218100,0.000000,1
info_edl,cifar_bg_b2.0_g1.0,svhn,eval,vacuity,0.902500,0.000000,0.442382,0.000000,0.057700,0.000000,0.016369,0.000000,0.932071,0.000000,0.959770,0.000000,0.210100,0.000000,1
info_edl,cifar_bg_b2.0_g2.0,cifar10,conf_eval,maxalpha,0.905100,0.000000,0.405114,0.000000,0.052280,0.000000,0.016210,0.000000,nan,nan,0.986192,0.000000,nan,nan,1
info_edl,cifar_bg_b2.0_g2.0,cifar10,conf_eval,maxp,0.905100,0.000000,0.405114,0.000000,0.052280,0.000000,0.016210,0.000000,nan,nan,0.987476,0.000000,nan,nan,1
info_edl,cifar_bg_b2.0_g2.0,cifar10,test,vacuity,0.905100,0.000000,nan,nan,nan,nan,nan,nan,nan,nan,nan,nan,nan,nan,1
info_edl,cifar_bg_b2.0_g2.0,cifar100,eval,alpha0,0.905100,0.000000,0.405114,0.000000,0.052280,0.000000,0.016210,0.000000,0.855013,0.000000,0.832854,0.000000,0.503300,0.000000,1
info_edl,cifar_bg_b2.0_g2.0,cifar100,eval,maxp,0.905100,0.000000,0.405114,0.000000,0.052280,0.000000,0.016210,0.000000,0.841799,0.000000,0.804143,0.000000,0.502900,0.000000,1
info_edl,cifar_bg_b2.0_g2.0,cifar100,eval,vacuity,0.905100,0.000000,0.405114,0.000000,0.052280,0.000000,0.016210,0.000000,0.855013,0.000000,0.832854,0.000000,0.503300,0.000000,1
info_edl,cifar_bg_b2.0_g2.0,svhn,eval,alpha0,0.905100,0.000000,0.405114,0.000000,0.052280,0.000000,0.016210,0.000000,0.921547,0.000000,0.946826,0.000000,0.208000,0.000000,1
info_edl,cifar_bg_b2.0_g2.0,svhn,eval,maxp,0.905100,0.000000,0.405114,0.000000,0.052280,0.000000,0.016210,0.000000,0.904485,0.000000,0.938747,0.000000,0.193700,0.000000,1
info_edl,cifar_bg_b2.0_g2.0,svhn,eval,vacuity,0.905100,0.000000,0.405114,0.000000,0.052280,0.000000,0.016210,0.000000,0.921547,0.000000,0.946826,0.000000,0.208000,0.000000,1
info_edl,cifar_constant_gate,cifar10,conf_eval,maxalpha,0.100000,0.000000,2.302585,0.000000,0.000000,0.000000,0.900024,0.000000,nan,nan,0.100000,0.000000,nan,nan,5
info_edl,cifar_constant_gate,cifar10,conf_eval,maxp,0.100000,0.000000,2.302585,0.000000,0.000000,0.000000,0.900024,0.000000,nan,nan,0.100000,0.000000,nan,nan,5
info_edl,cifar_constant_gate,cifar10,test,vacuity,0.100000,0.000000,nan,nan,nan,nan,nan,nan,nan,nan,nan,nan,nan,nan,5
info_edl,cifar_constant_gate,cifar100,eval,alpha0,0.100000,0.000000,2.302585,0.000000,0.000000,0.000000,0.900024,0.000000,0.500000,0.000000,0.500000,0.000000,1.000000,0.000000,5
info_edl,cifar_constant_gate,cifar100,eval,maxp,0.100000,0.000000,2.302585,0.000000,0.000000,0.000000,0.900024,0.000000,0.500000,0.000000,0.500000,0.000000,1.000000,0.000000,5
info_edl,cifar_constant_gate,cifar100,eval,vacuity,0.100000,0.000000,2.302585,0.000000,0.000000,0.000000,0.900024,0.000000,0.500000,0.000000,0.500000,0.000000,1.000000,0.000000,5
info_edl,cifar_constant_gate,svhn,eval,alpha0,0.100000,0.000000,2.302585,0.000000,0.000000,0.000000,0.900024,0.000000,0.500000,0.000000,0.722469,0.000000,1.000000,0.000000,5
info_edl,cifar_constant_gate,svhn,eval,maxp,0.100000,0.000000,2.302585,0.000000,0.000000,0.000000,0.900024,0.000000,0.500000,0.000000,0.722469,0.000000,1.000000,0.000000,5
info_edl,cifar_constant_gate,svhn,eval,vacuity,0.100000,0.000000,2.302585,0.000000,0.000000,0.000000,0.900024,0.000000,0.500000,0.000000,0.722469,0.000000,1.000000,0.000000,5
info_edl,cifar_fim_detach,cifar10,conf_eval,maxalpha,0.898600,0.004256,0.429889,0.016018,0.052778,0.003736,0.017853,0.001343,nan,nan,0.985836,0.001775,nan,nan,5
info_edl,cifar_fim_detach,cifar10,conf_eval,maxp,0.898600,0.004256,0.429889,0.016018,0.052778,0.003736,0.017853,0.001343,nan,nan,0.986358,0.001314,nan,nan,5
info_edl,cifar_fim_detach,cifar10,test,vacuity,0.898600,0.004256,nan,nan,nan,nan,nan,nan,nan,nan,nan,nan,nan,nan,5
info_edl,cifar_fim_detach,cifar100,eval,alpha0,0.898600,0.004256,0.429889,0.016018,0.052778,0.003736,0.017853,0.001343,0.844829,0.015788,0.812819,0.012578,0.493800,0.060757,5
info_edl,cifar_fim_detach,cifar100,eval,maxp,0.898600,0.004256,0.429889,0.016018,0.052778,0.003736,0.017853,0.001343,0.834918,0.011452,0.791273,0.007704,0.493260,0.061016,5
info_edl,cifar_fim_detach,cifar100,eval,vacuity,0.898600,0.004256,0.429889,0.016018,0.052778,0.003736,0.017853,0.001343,0.844829,0.015788,0.812819,0.012578,0.493800,0.060757,5
info_edl,cifar_fim_detach,svhn,eval,alpha0,0.898600,0.004256,0.429889,0.016018,0.052778,0.003736,0.017853,0.001343,0.909879,0.023649,0.944247,0.017367,0.268800,0.071798,5
info_edl,cifar_fim_detach,svhn,eval,maxp,0.898600,0.004256,0.429889,0.016018,0.052778,0.003736,0.017853,0.001343,0.893502,0.016811,0.931156,0.015749,0.275860,0.062794,5
info_edl,cifar_fim_detach,svhn,eval,vacuity,0.898600,0.004256,0.429889,0.016018,0.052778,0.003736,0.017853,0.001343,0.909879,0.023649,0.944247,0.017367,0.268800,0.071798,5
info_edl,cifar_fim_nodetach,cifar10,conf_eval,maxalpha,0.898700,0.004424,0.425249,0.021777,0.047952,0.008767,0.018455,0.001455,nan,nan,0.984956,0.001610,nan,nan,5
info_edl,cifar_fim_nodetach,cifar10,conf_eval,maxp,0.898700,0.004424,0.425249,0.021777,0.047952,0.008767,0.018455,0.001455,nan,nan,0.985689,0.001131,nan,nan,5
info_edl,cifar_fim_nodetach,cifar10,test,vacuity,0.898700,0.004424,nan,nan,nan,nan,nan,nan,nan,nan,nan,nan,nan,nan,5
info_edl,cifar_fim_nodetach,cifar100,eval,alpha0,0.898700,0.004424,0.425249,0.021777,0.047952,0.008767,0.018455,0.001455,0.855141,0.004977,0.825550,0.006650,0.471760,0.018064,5
info_edl,cifar_fim_nodetach,cifar100,eval,maxp,0.898700,0.004424,0.425249,0.021777,0.047952,0.008767,0.018455,0.001455,0.839040,0.007610,0.796403,0.007608,0.471020,0.017222,5
info_edl,cifar_fim_nodetach,cifar100,eval,vacuity,0.898700,0.004424,0.425249,0.021777,0.047952,0.008767,0.018455,0.001455,0.855141,0.004977,0.825550,0.006650,0.471760,0.018064,5
info_edl,cifar_fim_nodetach,svhn,eval,alpha0,0.898700,0.004424,0.425249,0.021777,0.047952,0.008767,0.018455,0.001455,0.907046,0.021808,0.942125,0.017286,0.278400,0.048841,5
info_edl,cifar_fim_nodetach,svhn,eval,maxp,0.898700,0.004424,0.425249,0.021777,0.047952,0.008767,0.018455,0.001455,0.898455,0.016271,0.935970,0.013762,0.268940,0.031920,5
info_edl,cifar_fim_nodetach,svhn,eval,vacuity,0.898700,0.004424,0.425249,0.021777,0.047952,0.008767,0.018455,0.001455,0.907046,0.021808,0.942125,0.017286,0.278400,0.048841,5
info_edl,gpu_smoke_manual,cifar10,conf_eval,maxalpha,0.100000,0.000000,2.302629,0.000000,0.001618,0.000000,0.881918,0.000000,nan,nan,0.121341,0.000000,nan,nan,1
info_edl,gpu_smoke_manual,cifar10,conf_eval,maxp,0.100000,0.000000,2.302629,0.000000,0.001618,0.000000,0.881918,0.000000,nan,nan,0.124075,0.000000,nan,nan,1
info_edl,gpu_smoke_manual,cifar10,test,vacuity,0.100000,0.000000,nan,nan,nan,nan,nan,nan,nan,nan,nan,nan,nan,nan,1
info_edl,gpu_smoke_manual,cifar100,eval,alpha0,0.100000,0.000000,2.302629,0.000000,0.001618,0.000000,0.881918,0.000000,0.480206,0.000000,0.492246,0.000000,0.973500,0.000000,1
info_edl,gpu_smoke_manual,cifar100,eval,maxp,0.100000,0.000000,2.302629,0.000000,0.001618,0.000000,0.881918,0.000000,0.468267,0.000000,0.484974,0.000000,0.978700,0.000000,1
info_edl,gpu_smoke_manual,cifar100,eval,vacuity,0.100000,0.000000,2.302629,0.000000,0.001618,0.000000,0.881918,0.000000,0.480206,0.000000,0.492246,0.000000,0.973500,0.000000,1
info_edl,info_edl,cifar10,conf_eval,maxalpha,0.904080,0.003492,0.369549,0.007550,0.029490,0.007267,0.015977,0.001033,nan,nan,0.987480,0.001049,nan,nan,5
info_edl,info_edl,cifar10,conf_eval,maxp,0.904080,0.003492,0.369549,0.007550,0.029490,0.007267,0.015977,0.001033,nan,nan,0.987836,0.000829,nan,nan,5
info_edl,info_edl,cifar10,test,,0.854800,0.001694,nan,nan,nan,nan,nan,nan,nan,nan,nan,nan,nan,nan,5
info_edl,info_edl,cifar10,test,vacuity,0.904080,0.003492,nan,nan,nan,nan,nan,nan,nan,nan,nan,nan,nan,nan,5
info_edl,info_edl,cifar100,eval,,0.854860,0.001664,nan,nan,nan,nan,nan,nan,0.813392,0.000944,nan,nan,0.575720,0.005688,5
info_edl,info_edl,cifar100,eval,alpha0,0.904080,0.003492,0.369549,0.007550,0.029490,0.007267,0.015977,0.001033,0.864840,0.002778,0.840443,0.002608,0.450420,0.013519,5
info_edl,info_edl,cifar100,eval,maxp,0.904080,0.003492,0.369549,0.007550,0.029490,0.007267,0.015977,0.001033,0.844779,0.003916,0.801409,0.004077,0.448840,0.011714,5
info_edl,info_edl,cifar100,eval,vacuity,0.904080,0.003492,0.369549,0.007550,0.029490,0.007267,0.015977,0.001033,0.864840,0.002778,0.840443,0.002608,0.450420,0.013519,5
info_edl,info_edl,cub,fewshot_eval,alpha0,0.387000,0.000000,nan,nan,nan,nan,nan,nan,0.408180,0.000000,0.441539,0.000000,0.905000,0.000000,1
info_edl,info_edl,cub,fewshot_eval,maxp,0.387000,0.000000,nan,nan,nan,nan,nan,nan,0.498060,0.000000,0.491046,0.000000,0.854000,0.000000,1
info_edl,info_edl,cub,fewshot_eval,vacuity,0.387000,0.000000,nan,nan,nan,nan,nan,nan,0.408180,0.000000,0.441539,0.000000,0.905000,0.000000,1
info_edl,info_edl,fmnist,eval,alpha0,0.992260,0.001015,0.041082,0.005759,0.003968,0.001394,0.000216,0.000043,0.991928,0.003407,0.990545,0.003959,0.032960,0.013000,5
info_edl,info_edl,fmnist,eval,maxp,0.992260,0.001015,0.041082,0.005759,0.003968,0.001394,0.000216,0.000043,0.985793,0.003158,0.974926,0.003347,0.036200,0.012164,5
info_edl,info_edl,fmnist,eval,vacuity,0.992260,0.001015,0.041082,0.005759,0.003968,0.001394,0.000216,0.000043,0.991928,0.003407,0.990545,0.003959,0.032960,0.013000,5
info_edl,info_edl,kmnist,eval,alpha0,0.992260,0.001015,0.041082,0.005759,0.003968,0.001394,0.000216,0.000043,0.986636,0.002177,0.984742,0.002479,0.053620,0.007969,5
info_edl,info_edl,kmnist,eval,maxp,0.992260,0.001015,0.041082,0.005759,0.003968,0.001394,0.000216,0.000043,0.983417,0.001839,0.974716,0.002041,0.048540,0.005116,5
info_edl,info_edl,kmnist,eval,vacuity,0.992260,0.001015,0.041082,0.005759,0.003968,0.001394,0.000216,0.000043,0.986636,0.002177,0.984742,0.002479,0.053620,0.007969,5
info_edl,info_edl,miniimagenet,fewshot_eval,maxalpha,0.387000,0.000000,nan,nan,nan,nan,nan,nan,nan,nan,0.639583,0.000000,nan,nan,1
info_edl,info_edl,miniimagenet,fewshot_eval,maxp,0.387000,0.000000,nan,nan,nan,nan,nan,nan,nan,nan,0.636910,0.000000,nan,nan,1
info_edl,info_edl,miniimagenet,test,vacuity,0.318000,0.000000,nan,nan,nan,nan,nan,nan,nan,nan,nan,nan,nan,nan,1
info_edl,info_edl,mnist,conf_eval,maxalpha,0.992260,0.001015,0.041082,0.005759,0.003968,0.001394,0.000216,0.000043,nan,nan,0.999812,0.000045,nan,nan,5
info_edl,info_edl,mnist,conf_eval,maxp,0.992260,0.001015,0.041082,0.005759,0.003968,0.001394,0.000216,0.000043,nan,nan,0.999814,0.000047,nan,nan,5
info_edl,info_edl,mnist,test,vacuity,0.992260,0.001015,nan,nan,nan,nan,nan,nan,nan,nan,nan,nan,nan,nan,5
info_edl,info_edl,svhn,eval,,0.854860,0.001664,nan,nan,nan,nan,nan,nan,0.787974,0.026921,nan,nan,0.508600,0.050430,5
info_edl,info_edl,svhn,eval,alpha0,0.904080,0.003492,0.369549,0.007550,0.029490,0.007267,0.015977,0.001033,0.929017,0.017077,0.959309,0.010171,0.229640,0.040858,5
info_edl,info_edl,svhn,eval,maxp,0.904080,0.003492,0.369549,0.007550,0.029490,0.007267,0.015977,0.001033,0.912307,0.009953,0.943309,0.009294,0.214200,0.010628,5
info_edl,info_edl,svhn,eval,vacuity,0.904080,0.003492,0.369549,0.007550,0.029490,0.007267,0.015977,0.001033,0.929017,0.017077,0.959309,0.010171,0.229640,0.040858,5
info_edl,info_edl_fim_detach_smoke,mnist,test,vacuity,0.935500,0.000000,nan,nan,nan,nan,nan,nan,nan,nan,nan,nan,nan,nan,1
info_edl,mnist_alpha0_gate,fmnist,eval,alpha0,0.994300,0.000000,0.034645,0.000000,0.013643,0.000000,0.000085,0.000000,0.885063,0.000000,0.896450,0.000000,0.580100,0.000000,1
info_edl,mnist_alpha0_gate,fmnist,eval,maxp,0.994300,0.000000,0.034645,0.000000,0.013643,0.000000,0.000085,0.000000,0.930402,0.000000,0.928131,0.000000,0.368500,0.000000,1
info_edl,mnist_alpha0_gate,fmnist,eval,vacuity,0.994300,0.000000,0.034645,0.000000,0.013643,0.000000,0.000085,0.000000,0.885063,0.000000,0.896450,0.000000,0.580100,0.000000,1
info_edl,mnist_alpha0_gate,kmnist,eval,alpha0,0.994300,0.000000,0.034645,0.000000,0.013643,0.000000,0.000085,0.000000,0.960657,0.000000,0.964681,0.000000,0.232100,0.000000,1
info_edl,mnist_alpha0_gate,kmnist,eval,maxp,0.994300,0.000000,0.034645,0.000000,0.013643,0.000000,0.000085,0.000000,0.960725,0.000000,0.962578,0.000000,0.208200,0.000000,1
info_edl,mnist_alpha0_gate,kmnist,eval,vacuity,0.994300,0.000000,0.034645,0.000000,0.013643,0.000000,0.000085,0.000000,0.960657,0.000000,0.964681,0.000000,0.232100,0.000000,1
info_edl,mnist_alpha0_gate,mnist,conf_eval,maxalpha,0.994300,0.000000,0.034645,0.000000,0.013643,0.000000,0.000085,0.000000,nan,nan,0.999848,0.000000,nan,nan,1
info_edl,mnist_alpha0_gate,mnist,conf_eval,maxp,0.994300,0.000000,0.034645,0.000000,0.013643,0.000000,0.000085,0.000000,nan,nan,0.999931,0.000000,nan,nan,1
info_edl,mnist_alpha0_gate,mnist,test,vacuity,0.994300,0.000000,nan,nan,nan,nan,nan,nan,nan,nan,nan,nan,nan,nan,1
info_edl,mnist_bg_b0.5_g0.5,fmnist,eval,alpha0,0.993500,0.000000,0.046720,0.000000,0.027722,0.000000,0.000082,0.000000,0.966797,0.000000,0.966866,0.000000,0.157800,0.000000,1
info_edl,mnist_bg_b0.5_g0.5,fmnist,eval,maxp,0.993500,0.000000,0.046720,0.000000,0.027722,0.000000,0.000082,0.000000,0.972572,0.000000,0.968791,0.000000,0.100300,0.000000,1
info_edl,mnist_bg_b0.5_g0.5,fmnist,eval,vacuity,0.993500,0.000000,0.046720,0.000000,0.027722,0.000000,0.000082,0.000000,0.966797,0.000000,0.966866,0.000000,0.157800,0.000000,1
info_edl,mnist_bg_b0.5_g0.5,kmnist,eval,alpha0,0.993500,0.000000,0.046720,0.000000,0.027722,0.000000,0.000082,0.000000,0.958946,0.000000,0.964911,0.000000,0.235300,0.000000,1
info_edl,mnist_bg_b0.5_g0.5,kmnist,eval,maxp,0.993500,0.000000,0.046720,0.000000,0.027722,0.000000,0.000082,0.000000,0.963148,0.000000,0.965677,0.000000,0.169600,0.000000,1
info_edl,mnist_bg_b0.5_g0.5,kmnist,eval,vacuity,0.993500,0.000000,0.046720,0.000000,0.027722,0.000000,0.000082,0.000000,0.958946,0.000000,0.964911,0.000000,0.235300,0.000000,1
info_edl,mnist_bg_b0.5_g0.5,mnist,conf_eval,maxalpha,0.993500,0.000000,0.046720,0.000000,0.027722,0.000000,0.000082,0.000000,nan,nan,0.999905,0.000000,nan,nan,1
info_edl,mnist_bg_b0.5_g0.5,mnist,conf_eval,maxp,0.993500,0.000000,0.046720,0.000000,0.027722,0.000000,0.000082,0.000000,nan,nan,0.999939,0.000000,nan,nan,1
info_edl,mnist_bg_b0.5_g0.5,mnist,test,vacuity,0.993500,0.000000,nan,nan,nan,nan,nan,nan,nan,nan,nan,nan,nan,nan,1
info_edl,mnist_bg_b0.5_g1.0,fmnist,eval,alpha0,0.992200,0.000000,0.036430,0.000000,0.010230,0.000000,0.000143,0.000000,0.953975,0.000000,0.957803,0.000000,0.235500,0.000000,1
info_edl,mnist_bg_b0.5_g1.0,fmnist,eval,maxp,0.992200,0.000000,0.036430,0.000000,0.010230,0.000000,0.000143,0.000000,0.949608,0.000000,0.949329,0.000000,0.228300,0.000000,1
info_edl,mnist_bg_b0.5_g1.0,fmnist,eval,vacuity,0.992200,0.000000,0.036430,0.000000,0.010230,0.000000,0.000143,0.000000,0.953975,0.000000,0.957803,0.000000,0.235500,0.000000,1
info_edl,mnist_bg_b0.5_g1.0,kmnist,eval,alpha0,0.992200,0.000000,0.036430,0.000000,0.010230,0.000000,0.000143,0.000000,0.965405,0.000000,0.968661,0.000000,0.189900,0.000000,1
info_edl,mnist_bg_b0.5_g1.0,kmnist,eval,maxp,0.992200,0.000000,0.036430,0.000000,0.010230,0.000000,0.000143,0.000000,0.964213,0.000000,0.964386,0.000000,0.161800,0.000000,1
info_edl,mnist_bg_b0.5_g1.0,kmnist,eval,vacuity,0.992200,0.000000,0.036430,0.000000,0.010230,0.000000,0.000143,0.000000,0.965405,0.000000,0.968661,0.000000,0.189900,0.000000,1
info_edl,mnist_bg_b0.5_g1.0,mnist,conf_eval,maxalpha,0.992200,0.000000,0.036430,0.000000,0.010230,0.000000,0.000143,0.000000,nan,nan,0.999797,0.000000,nan,nan,1
info_edl,mnist_bg_b0.5_g1.0,mnist,conf_eval,maxp,0.992200,0.000000,0.036430,0.000000,0.010230,0.000000,0.000143,0.000000,nan,nan,0.999887,0.000000,nan,nan,1
info_edl,mnist_bg_b0.5_g1.0,mnist,test,vacuity,0.992200,0.000000,nan,nan,nan,nan,nan,nan,nan,nan,nan,nan,nan,nan,1
info_edl,mnist_bg_b0.5_g2.0,fmnist,eval,alpha0,0.993600,0.000000,0.037707,0.000000,0.014455,0.000000,0.000099,0.000000,0.965585,0.000000,0.966134,0.000000,0.164700,0.000000,1
info_edl,mnist_bg_b0.5_g2.0,fmnist,eval,maxp,0.993600,0.000000,0.037707,0.000000,0.014455,0.000000,0.000099,0.000000,0.963335,0.000000,0.960821,0.000000,0.140000,0.000000,1
info_edl,mnist_bg_b0.5_g2.0,fmnist,eval,vacuity,0.993600,0.000000,0.037707,0.000000,0.014455,0.000000,0.000099,0.000000,0.965585,0.000000,0.966134,0.000000,0.164700,0.000000,1
info_edl,mnist_bg_b0.5_g2.0,kmnist,eval,alpha0,0.993600,0.000000,0.037707,0.000000,0.014455,0.000000,0.000099,0.000000,0.958751,0.000000,0.964139,0.000000,0.244900,0.000000,1
info_edl,mnist_bg_b0.5_g2.0,kmnist,eval,maxp,0.993600,0.000000,0.037707,0.000000,0.014455,0.000000,0.000099,0.000000,0.962007,0.000000,0.962865,0.000000,0.173500,0.000000,1
info_edl,mnist_bg_b0.5_g2.0,kmnist,eval,vacuity,0.993600,0.000000,0.037707,0.000000,0.014455,0.000000,0.000099,0.000000,0.958751,0.000000,0.964139,0.000000,0.244900,0.000000,1
info_edl,mnist_bg_b0.5_g2.0,mnist,conf_eval,maxalpha,0.993600,0.000000,0.037707,0.000000,0.014455,0.000000,0.000099,0.000000,nan,nan,0.999828,0.000000,nan,nan,1
info_edl,mnist_bg_b0.5_g2.0,mnist,conf_eval,maxp,0.993600,0.000000,0.037707,0.000000,0.014455,0.000000,0.000099,0.000000,nan,nan,0.999921,0.000000,nan,nan,1
info_edl,mnist_bg_b0.5_g2.0,mnist,test,vacuity,0.993700,0.000000,nan,nan,nan,nan,nan,nan,nan,nan,nan,nan,nan,nan,1
info_edl,mnist_bg_b1.0_g0.5,fmnist,eval,alpha0,0.994800,0.000000,0.062243,0.000000,0.042412,0.000000,0.000091,0.000000,0.930714,0.000000,0.943323,0.000000,0.474300,0.000000,1
info_edl,mnist_bg_b1.0_g0.5,fmnist,eval,maxp,0.994800,0.000000,0.062243,0.000000,0.042412,0.000000,0.000091,0.000000,0.963673,0.000000,0.965446,0.000000,0.142800,0.000000,1
info_edl,mnist_bg_b1.0_g0.5,fmnist,eval,vacuity,0.994800,0.000000,0.062243,0.000000,0.042412,0.000000,0.000091,0.000000,0.930714,0.000000,0.943323,0.000000,0.474300,0.000000,1
info_edl,mnist_bg_b1.0_g0.5,kmnist,eval,alpha0,0.994800,0.000000,0.062243,0.000000,0.042412,0.000000,0.000091,0.000000,0.976847,0.000000,0.979677,0.000000,0.090200,0.000000,1
info_edl,mnist_bg_b1.0_g0.5,kmnist,eval,maxp,0.994800,0.000000,0.062243,0.000000,0.042412,0.000000,0.000091,0.000000,0.976758,0.000000,0.978537,0.000000,0.081000,0.000000,1
info_edl,mnist_bg_b1.0_g0.5,kmnist,eval,vacuity,0.994800,0.000000,0.062243,0.000000,0.042412,0.000000,0.000091,0.000000,0.976847,0.000000,0.979677,0.000000,0.090200,0.000000,1
info_edl,mnist_bg_b1.0_g0.5,mnist,conf_eval,maxalpha,0.994800,0.000000,0.062243,0.000000,0.042412,0.000000,0.000091,0.000000,nan,nan,0.999899,0.000000,nan,nan,1
info_edl,mnist_bg_b1.0_g0.5,mnist,conf_eval,maxp,0.994800,0.000000,0.062243,0.000000,0.042412,0.000000,0.000091,0.000000,nan,nan,0.999922,0.000000,nan,nan,1
info_edl,mnist_bg_b1.0_g0.5,mnist,test,vacuity,0.994800,0.000000,nan,nan,nan,nan,nan,nan,nan,nan,nan,nan,nan,nan,1
info_edl,mnist_bg_b1.0_g1.0,mnist,test,vacuity,0.994500,0.000000,nan,nan,nan,nan,nan,nan,nan,nan,nan,nan,nan,nan,1
info_edl,mnist_constant_gate,fmnist,eval,alpha0,0.098000,0.000000,2.302585,0.000000,0.002000,0.000000,0.908409,0.000000,0.500000,0.000000,0.500000,0.000000,1.000000,0.000000,1
info_edl,mnist_constant_gate,fmnist,eval,maxp,0.098000,0.000000,2.302585,0.000000,0.002000,0.000000,0.908409,0.000000,0.500000,0.000000,0.500000,0.000000,1.000000,0.000000,1
info_edl,mnist_constant_gate,fmnist,eval,vacuity,0.098000,0.000000,2.302585,0.000000,0.002000,0.000000,0.908409,0.000000,0.500000,0.000000,0.500000,0.000000,1.000000,0.000000,1
info_edl,mnist_constant_gate,kmnist,eval,alpha0,0.098000,0.000000,2.302585,0.000000,0.002000,0.000000,0.908409,0.000000,0.500000,0.000000,0.500000,0.000000,1.000000,0.000000,1
info_edl,mnist_constant_gate,kmnist,eval,maxp,0.098000,0.000000,2.302585,0.000000,0.002000,0.000000,0.908409,0.000000,0.500000,0.000000,0.500000,0.000000,1.000000,0.000000,1
info_edl,mnist_constant_gate,kmnist,eval,vacuity,0.098000,0.000000,2.302585,0.000000,0.002000,0.000000,0.908409,0.000000,0.500000,0.000000,0.500000,0.000000,1.000000,0.000000,1
info_edl,mnist_constant_gate,mnist,conf_eval,maxalpha,0.098000,0.000000,2.302585,0.000000,0.002000,0.000000,0.908409,0.000000,nan,nan,0.098000,0.000000,nan,nan,1
info_edl,mnist_constant_gate,mnist,conf_eval,maxp,0.098000,0.000000,2.302585,0.000000,0.002000,0.000000,0.908409,0.000000,nan,nan,0.098000,0.000000,nan,nan,1
info_edl,mnist_constant_gate,mnist,test,vacuity,0.098000,0.000000,nan,nan,nan,nan,nan,nan,nan,nan,nan,nan,nan,nan,1
info_edl,mnist_fim_detach,fmnist,eval,alpha0,0.994500,0.000000,0.029332,0.000000,0.009718,0.000000,0.000068,0.000000,0.975530,0.000000,0.976490,0.000000,0.100000,0.000000,1
info_edl,mnist_fim_detach,fmnist,eval,maxp,0.994500,0.000000,0.029332,0.000000,0.009718,0.000000,0.000068,0.000000,0.973883,0.000000,0.973366,0.000000,0.085700,0.000000,1
info_edl,mnist_fim_detach,fmnist,eval,vacuity,0.994500,0.000000,0.029332,0.000000,0.009718,0.000000,0.000068,0.000000,0.975530,0.000000,0.976490,0.000000,0.100000,0.000000,1
info_edl,mnist_fim_detach,kmnist,eval,alpha0,0.994500,0.000000,0.029332,0.000000,0.009718,0.000000,0.000068,0.000000,0.967054,0.000000,0.969912,0.000000,0.169400,0.000000,1
info_edl,mnist_fim_detach,kmnist,eval,maxp,0.994500,0.000000,0.029332,0.000000,0.009718,0.000000,0.000068,0.000000,0.968135,0.000000,0.968997,0.000000,0.139100,0.000000,1
info_edl,mnist_fim_detach,kmnist,eval,vacuity,0.994500,0.000000,0.029332,0.000000,0.009718,0.000000,0.000068,0.000000,0.967054,0.000000,0.969912,0.000000,0.169400,0.000000,1
info_edl,mnist_fim_detach,mnist,conf_eval,maxalpha,0.994500,0.000000,0.029332,0.000000,0.009718,0.000000,0.000068,0.000000,nan,nan,0.999887,0.000000,nan,nan,1
info_edl,mnist_fim_detach,mnist,conf_eval,maxp,0.994500,0.000000,0.029332,0.000000,0.009718,0.000000,0.000068,0.000000,nan,nan,0.999947,0.000000,nan,nan,1
info_edl,mnist_fim_detach,mnist,test,vacuity,0.994500,0.000000,nan,nan,nan,nan,nan,nan,nan,nan,nan,nan,nan,nan,1
info_edl,mnist_fim_nodetach,fmnist,eval,alpha0,0.892500,0.000000,0.265304,0.000000,0.022548,0.000000,0.006085,0.000000,0.832950,0.000000,0.715829,0.000000,0.438700,0.000000,1
info_edl,mnist_fim_nodetach,fmnist,eval,maxp,0.892500,0.000000,0.265304,0.000000,0.022548,0.000000,0.006085,0.000000,0.867371,0.000000,0.740822,0.000000,0.249500,0.000000,1
info_edl,mnist_fim_nodetach,fmnist,eval,vacuity,0.892500,0.000000,0.265304,0.000000,0.022548,0.000000,0.006085,0.000000,0.832950,0.000000,0.715829,0.000000,0.438700,0.000000,1
info_edl,mnist_fim_nodetach,kmnist,eval,alpha0,0.892500,0.000000,0.265304,0.000000,0.022548,0.000000,0.006085,0.000000,0.870840,0.000000,0.799929,0.000000,0.382900,0.000000,1
info_edl,mnist_fim_nodetach,kmnist,eval,maxp,0.892500,0.000000,0.265304,0.000000,0.022548,0.000000,0.006085,0.000000,0.882614,0.000000,0.805886,0.000000,0.260600,0.000000,1
info_edl,mnist_fim_nodetach,kmnist,eval,vacuity,0.892500,0.000000,0.265304,0.000000,0.022548,0.000000,0.006085,0.000000,0.870840,0.000000,0.799929,0.000000,0.382900,0.000000,1
info_edl,mnist_fim_nodetach,mnist,conf_eval,maxalpha,0.892500,0.000000,0.265304,0.000000,0.022548,0.000000,0.006085,0.000000,nan,nan,0.999701,0.000000,nan,nan,1
info_edl,mnist_fim_nodetach,mnist,conf_eval,maxp,0.892500,0.000000,0.265304,0.000000,0.022548,0.000000,0.006085,0.000000,nan,nan,0.999894,0.000000,nan,nan,1
info_edl,mnist_fim_nodetach,mnist,test,vacuity,0.892600,0.000000,nan,nan,nan,nan,nan,nan,nan,nan,nan,nan,nan,nan,1
info_edl,svhn_smoke,cifar10,conf_eval,maxalpha,0.100000,0.000000,2.302629,0.000000,0.001618,0.000000,0.881918,0.000000,nan,nan,0.121341,0.000000,nan,nan,1
info_edl,svhn_smoke,cifar10,conf_eval,maxp,0.100000,0.000000,2.302629,0.000000,0.001618,0.000000,0.881918,0.000000,nan,nan,0.124075,0.000000,nan,nan,1
info_edl,svhn_smoke,svhn,eval,alpha0,0.100000,0.000000,2.302629,0.000000,0.001618,0.000000,0.881918,0.000000,0.506643,0.000000,0.712005,0.000000,0.891100,0.000000,1
info_edl,svhn_smoke,svhn,eval,maxp,0.100000,0.000000,2.302629,0.000000,0.001618,0.000000,0.881918,0.000000,0.671541,0.000000,0.805190,0.000000,0.832300,0.000000,1
info_edl,svhn_smoke,svhn,eval,vacuity,0.100000,0.000000,2.302629,0.000000,0.001618,0.000000,0.881918,0.000000,0.506643,0.000000,0.712005,0.000000,0.891100,0.000000,1
